r,n,diff_yaw,phi,l_max,l_min,c_max,c_min,r,g,b
0,15,,,,,,,,
,,0.0,0.0,2.0,0,0.3,0,0.8509803921568627,0.0,0.0
,,0.0943421217294232,0.0015715715715715717,2.1291728844470543,0,0.3,0,0.8509803921568627,0.0,0.0
,,0.1886842434588464,0.0031431431431431433,2.2522877079615284,0,0.3,0,0.8509803921568627,0.0,0.0
,,0.2830263651882696,0.0047147147147147146,2.3635705257581288,0,0.3,0,0.8509803921568627,0.0,0.0
,,0.3773684869176928,0.006286286286286287,2.4578023006229164,0,0.3,0,0.8509803921568627,0.0,0.0
,,0.471710608647116,0.007857857857857859,2.5305636698052663,0,0.3,0,0.8509803921568627,0.0,0.0
,,0.5660527303765392,0.009429429429429429,2.5784422080896903,0,0.3,0,0.8509803921568627,0.0,0.0
,,0.6603948521059624,0.011001001001001001,2.599192466645874,0,0.3,0,0.8509803921568627,0.0,0.0
,,0.7547369738353856,0.012572572572572573,2.5918412820174286,0,0.3,0,0.8509803921568627,0.0,0.0
,,0.8490790955648089,0.014144144144144145,2.556733416377906,0,0.3,0,0.8509803921568627,0.0,0.0
,,0.943421217294232,0.015715715715715717,2.4955153885781263,0,0.3,0,0.8509803921568627,0.0,0.0
,,1.0377633390236551,0.01728728728728729,2.411058254290269,0,0.3,0,0.8509803921568627,0.0,0.0
,,1.1321054607530785,0.018858858858858858,2.307322956771869,0,0.3,0,0.8509803921568627,0.0,0.0
,,1.2264475824825016,0.02043043043043043,2.189174563145302,0,0.3,0,0.8509803921568627,0.0,0.0
,,1.3207897042119248,0.022002002002002002,2.0621540982993443,0,0.3,0,0.8509803921568627,0.0,0.0
,,1.4151318259413481,0.023573573573573574,1.9322186771425567,0,0.3,0,0.8509803921568627,0.0,0.0
,,1.5094739476707713,0.025145145145145147,1.805462122709378,0,0.3,0,0.8509803921568627,0.0,0.0
,,1.6038160694001944,0.02671671671671672,1.6878291728110533,0,0.3,0,0.8509803921568627,0.0,0.0
,,1.6981581911296177,0.02828828828828829,1.5848366786134727,0,0.3,0,0.8509803921568627,0.0,0.0
,,1.7925003128590409,0.029859859859859863,1.5013148706105843,0,0.3,0,0.8509803921568627,0.0,0.0
,,1.886842434588464,0.031431431431431435,1.441180826324088,0,0.3,0,0.8509803921568627,0.0,0.0
,,1.9811845563178874,0.033003003003003004,1.4072547638358932,0,0.3,0,0.8509803921568627,0.0,0.0
,,2.0755266780473103,0.03457457457457458,1.4011277767771122,0,0.3,0,0.8509803921568627,0.0,0.0
,,2.169868799776734,0.03614614614614615,1.4230872138517245,0,0.3,0,0.8509803921568627,0.0,0.0
,,2.264210921506157,0.037717717717717716,1.4721032025101422,0,0.3,0,0.8509803921568627,0.0,0.0
,,2.35855304323558,0.03928928928928929,1.5458769487970045,0,0.3,0,0.8509803921568627,0.0,0.0
,,2.4528951649650033,0.04086086086086086,1.6409485481654433,0,0.3,0,0.8509803921568627,0.0,0.0
,,2.5472372866944264,0.042432432432432436,1.7528592510536032,0,0.3,0,0.8509803921568627,0.0,0.0
,,2.6415794084238495,0.044004004004004005,1.876360573152983,0,0.3,0,0.8509803921568627,0.0,0.0
,,2.735921530153273,0.04557557557557558,2.0056604433355374,0,0.3,0,0.8509803921568627,0.0,0.0
,,2.8302636518826962,0.04714714714714715,2.1346948451825427,0,0.3,0,0.8509803921568627,0.0,0.0
,,2.9246057736121194,0.048718718718718725,2.257412212437395,0,0.3,0,0.8509803921568627,0.0,0.0
,,3.0189478953415425,0.05029029029029029,2.3680572405599962,0,0.3,0,0.8509803921568627,0.0,0.0
,,3.1132900170709656,0.05186186186186186,2.461440803944589,0,0.3,0,0.8509803921568627,0.0,0.0
,,3.2076321388003888,0.05343343343343344,2.533183319991413,0,0.3,0,0.8509803921568627,0.0,0.0
,,3.301974260529812,0.055005005005005006,2.5799201465348247,0,0.3,0,0.8509803921568627,0.0,0.0
,,3.3963163822592355,0.05657657657657658,2.5994593797228087,0,0.3,0,0.8509803921568627,0.0,0.0
,,3.4906585039886586,0.05814814814814815,2.590884651807325,0,0.3,0,0.8509803921568627,0.0,0.0
,,3.5850006257180818,0.059719719719719726,2.5545981077463855,0,0.3,0,0.8509803921568627,0.0,0.0
,,3.679342747447505,0.061291291291291294,2.492301545064253,0,0.3,0,0.8509803921568627,0.0,0.0
,,3.773684869176928,0.06286286286286287,2.406916601488801,0,0.3,0,0.8509803921568627,0.0,0.0
,,3.868026990906351,0.06443443443443443,2.3024477334747964,0,0.3,0,0.8509803921568627,0.0,0.0
,,3.9623691126357747,0.06600600600600601,2.1837944117640706,0,0.3,0,0.8509803921568627,0.0,0.0
,,4.056711234365197,0.06757757757757758,2.0565213417965773,0,0.3,0,0.8509803921568627,0.0,0.0
,,4.151053356094621,0.06914914914914916,1.9265974853729275,0,0.3,0,0.8509803921568627,0.0,0.0
,,4.245395477824045,0.07072072072072072,1.8001161231547662,0,0.3,0,0.8509803921568627,0.0,0.0
,,4.339737599553468,0.0722922922922923,1.68300908675237,0,0.3,0,0.8509803921568627,0.0,0.0
,,4.434079721282891,0.07386386386386387,1.5807685625885803,0,0.3,0,0.8509803921568627,0.0,0.0
,,4.528421843012314,0.07543543543543543,1.498189514620535,0,0.3,0,0.8509803921568627,0.0,0.0
,,4.622763964741737,0.07700700700700701,1.4391448059997098,0,0.3,0,0.8509803921568627,0.0,0.0
,,4.71710608647116,0.07857857857857858,1.4064035662079042,0,0.3,0,0.8509803921568627,0.0,0.0
,,4.811448208200583,0.08015015015015016,1.4015013220433001,0,0.3,0,0.8509803921568627,0.0,0.0
,,4.9057903299300065,0.08172172172172172,1.4246679831652098,0,0.3,0,0.8509803921568627,0.0,0.0
,,5.00013245165943,0.0832932932932933,1.474817059593311,0,0.3,0,0.8509803921568627,0.0,0.0
,,5.094474573388853,0.08486486486486487,1.5495966168483637,0,0.3,0,0.8509803921568627,0.0,0.0
,,5.188816695118276,0.08643643643643645,1.645499578996423,0,0.3,0,0.8509803921568627,0.0,0.0
,,5.283158816847699,0.08800800800800801,1.758028206509609,0,0.3,0,0.8509803921568627,0.0,0.0
,,5.377500938577122,0.08957957957957959,1.881905035119374,0,0.3,0,0.8509803921568627,0.0,0.0
,,5.471843060306546,0.09115115115115116,2.0113203828706787,0,0.3,0,0.8509803921568627,0.0,0.0
,,5.566185182035969,0.09272272272272272,2.1402048175785495,0,0.3,0,0.8509803921568627,0.0,0.0
,,5.6605273037653925,0.0942942942942943,2.262513806274141,0,0.3,0,0.8509803921568627,0.0,0.0
,,5.754869425494816,0.09586586586586587,2.3725111969059447,0,0.3,0,0.8509803921568627,0.0,0.0
,,5.849211547224239,0.09743743743743745,2.4650382373277595,0,0.3,0,0.8509803921568627,0.0,0.0
,,5.943553668953662,0.09900900900900901,2.53575551488974,0,0.3,0,0.8509803921568627,0.0,0.0
,,6.037895790683085,0.10058058058058059,2.581346469941689,0,0.3,0,0.8509803921568627,0.0,0.0
,,6.132237912412508,0.10215215215215216,2.5996729386974415,0,0.3,0,0.8509803921568627,0.0,0.0
,,6.226580034141931,0.10372372372372372,2.5898754306774228,0,0.3,0,0.8509803921568627,0.0,0.0
,,6.320922155871354,0.1052952952952953,2.552413437831719,0,0.3,0,0.8509803921568627,0.0,0.0
,,6.4152642776007776,0.10686686686686687,2.4890438848917587,0,0.3,0,0.8509803921568627,0.0,0.0
,,6.509606399330201,0.10843843843843845,2.4027387316045434,0,0.3,0,0.8509803921568627,0.0,0.0
,,6.603948521059624,0.11001001001001001,2.297545591210636,0,0.3,0,0.8509803921568627,0.0,0.0
,,6.698290642789048,0.11158158158158159,2.1783979020003046,0,0.3,0,0.8509803921568627,0.0,0.0
,,6.792632764518471,0.11315315315315316,2.0508835546853073,0,0.3,0,0.8509803921568627,0.0,0.0
,,6.886974886247894,0.11472472472472472,1.9209828266986275,0,0.3,0,0.8509803921568627,0.0,0.0
,,6.981317007977317,0.1162962962962963,1.7947879140046012,0,0.3,0,0.8509803921568627,0.0,0.0
,,7.07565912970674,0.11786786786786788,1.678217214057572,0,0.3,0,0.8509803921568627,0.0,0.0
,,7.1700012514361635,0.11943943943943945,1.5767377597124301,0,0.3,0,0.8509803921568627,0.0,0.0
,,7.264343373165587,0.12101101101101101,1.4951088216199708,0,0.3,0,0.8509803921568627,0.0,0.0
,,7.35868549489501,0.12258258258258259,1.4371587038623015,0,0.3,0,0.8509803921568627,0.0,0.0
,,7.453027616624433,0.12415415415415416,1.4056052008583413,0,0.3,0,0.8509803921568627,0.0,0.0
,,7.547369738353856,0.12572572572572574,1.4019281359057794,0,0.3,0,0.8509803921568627,0.0,0.0
,,7.641711860083279,0.1272972972972973,1.4262999591564487,0,0.3,0,0.8509803921568627,0.0,0.0
,,7.736053981812702,0.12886886886886886,1.477577659900922,0,0.3,0,0.8509803921568627,0.0,0.0
,,7.8303961035421255,0.13044044044044045,1.5533563724669457,0,0.3,0,0.8509803921568627,0.0,0.0
,,7.9247382252715495,0.13201201201201201,1.650082161676235,0,0.3,0,0.8509803921568627,0.0,0.0
,,8.019080347000973,0.1335835835835836,1.7632186983503333,0,0.3,0,0.8509803921568627,0.0,0.0
,,8.113422468730395,0.13515515515515517,1.8874600079744943,0,0.3,0,0.8509803921568627,0.0,0.0
,,8.207764590459819,0.13672672672672673,2.0169793148498685,0,0.3,0,0.8509803921568627,0.0,0.0
,,8.302106712189241,0.13829829829829832,2.145702311227149,0,0.3,0,0.8509803921568627,0.0,0.0
,,8.396448833918665,0.13986986986986988,2.267592035411043,0,0.3,0,0.8509803921568627,0.0,0.0
,,8.49079095564809,0.14144144144144144,2.3769319983773842,0,0.3,0,0.8509803921568627,0.0,0.0
,,8.585133077377511,0.14301301301301303,2.4685942805875487,0,0.3,0,0.8509803921568627,0.0,0.0
,,8.679475199106935,0.1445845845845846,2.5382800255653875,0,0.3,0,0.8509803921568627,0.0,0.0
,,8.773817320836358,0.14615615615615615,2.582721051362225,0,0.3,0,0.8509803921568627,0.0,0.0
,,8.868159442565782,0.14772772772772774,2.5998331245622333,0,0.3,0,0.8509803921568627,0.0,0.0
,,8.962501564295204,0.1492992992992993,2.588813708452136,0,0.3,0,0.8509803921568627,0.0,0.0
,,9.056843686024628,0.15087087087087087,2.550179601077609,0,0.3,0,0.8509803921568627,0.0,0.0
,,9.15118580775405,0.15244244244244246,2.485742698004448,0,0.3,0,0.8509803921568627,0.0,0.0
,,9.245527929483474,0.15401401401401402,2.39852501648337,0,0.3,0,0.8509803921568627,0.0,0.0
,,9.339870051212896,0.1555855855855856,2.2926169662881835,0,0.3,0,0.8509803921568627,0.0,0.0
,,9.43421217294232,0.15715715715715717,2.172985514163335,0,0.3,0,0.8509803921568627,0.0,0.0
,,9.528554294671743,0.15872872872872873,2.0452412387494445,0,0.3,0,0.8509803921568627,0.0,0.0
,,9.622896416401167,0.16030030030030032,1.9153752008450509,0,0.3,0,0.8509803921568627,0.0,0.0
,,9.71723853813059,0.16187187187187188,1.7894779694892031,0,0.3,0,0.8509803921568627,0.0,0.0
,,9.811580659860013,0.16344344344344344,1.6734539812210547,0,0.3,0,0.8509803921568627,0.0,0.0
,,9.905922781589437,0.16501501501501503,1.5727446287413858,0,0.3,0,0.8509803921568627,0.0,0.0
,,10.00026490331886,0.1665865865865866,1.492073065801966,0,0.3,0,0.8509803921568627,0.0,0.0
,,10.094607025048283,0.16815815815815816,1.4352226966822994,0,0.3,0,0.8509803921568627,0.0,0.0
,,10.188949146777706,0.16972972972972974,1.4048597388446744,0,0.3,0,0.8509803921568627,0.0,0.0
,,10.28329126850713,0.1713013013013013,1.4024081803765371,0,0.3,0,0.8509803921568627,0.0,0.0
,,10.377633390236552,0.1728728728728729,1.4279829965735409,0,0.3,0,0.8509803921568627,0.0,0.0
,,10.471975511965976,0.17444444444444446,1.4803847577293348,0,0.3,0,0.8509803921568627,0.0,0.0
,,10.566317633695398,0.17601601601601602,1.557155881020593,0,0.3,0,0.8509803921568627,0.0,0.0
,,10.660659755424822,0.1775875875875876,1.6546958883380625,0,0.3,0,0.8509803921568627,0.0,0.0
,,10.755001877154244,0.17915915915915917,1.7684302646027978,0,0.3,0,0.8509803921568627,0.0,0.0
,,10.849343998883668,0.18073073073073073,1.89302499730521,0,0.3,0,0.8509803921568627,0.0,0.0
,,10.943686120613092,0.18230230230230232,2.022636735607227,0,0.3,0,0.8509803921568627,0.0,0.0
,,11.038028242342515,0.18387387387387388,2.1511868368310707,0,0.3,0,0.8509803921568627,0.0,0.0
,,11.132370364071939,0.18544544544544544,2.2726464478669235,0,0.3,0,0.8509803921568627,0.0,0.0
,,11.226712485801361,0.18701701701701703,2.381319251506627,0,0.3,0,0.8509803921568627,0.0,0.0
,,11.321054607530785,0.1885885885885886,2.472108617222952,0,0.3,0,0.8509803921568627,0.0,0.0
,,11.415396729260207,0.19016016016016016,2.5407566273275646,0,0.3,0,0.8509803921568627,0.0,0.0
,,11.509738850989631,0.19173173173173175,2.5840437684536006,0,0.3,0,0.8509803921568627,0.0,0.0
,,11.604080972719053,0.1933033033033033,2.5999399230600493,0,0.3,0,0.8509803921568627,0.0,0.0
,,11.698423094448477,0.1948748748748749,2.5876995796286706,0,0.3,0,0.8509803921568627,0.0,0.0
,,11.7927652161779,0.19644644644644646,2.547896796303792,0,0.3,0,0.8509803921568627,0.0,0.0
,,11.887107337907324,0.19801801801801802,2.482398278220167,0,0.3,0,0.8509803921568627,0.0,0.0
,,11.981449459636746,0.1995895895895896,2.394275831161517,0,0.3,0,0.8509803921568627,0.0,0.0
,,12.07579158136617,0.20116116116116117,2.2876622973732896,0,0.3,0,0.8509803921568627,0.0,0.0
,,12.170133703095594,0.20273273273273273,2.167557729975701,0,0.3,0,0.8509803921568627,0.0,0.0
,,12.264475824825016,0.20430430430430432,2.0395948961759767,0,0.3,0,0.8509803921568627,0.0,0.0
,,12.35881794655444,0.20587587587587589,1.9097751069116413,0,0.3,0,0.8509803921568627,0.0,0.0
,,12.453160068283863,0.20744744744744745,1.7841867622132828,0,0.3,0,0.8509803921568627,0.0,0.0
,,12.547502190013287,0.20901901901901904,1.6687198121881608,0,0.3,0,0.8509803921568627,0.0,0.0
,,12.641844311742709,0.2105905905905906,1.5687895250788801,0,0.3,0,0.8509803921568627,0.0,0.0
,,12.736186433472133,0.2121621621621622,1.489082517360015,0,0.3,0,0.8509803921568627,0.0,0.0
,,12.830528555201555,0.21373373373373375,1.4333369567715042,0,0.3,0,0.8509803921568627,0.0,0.0
,,12.92487067693098,0.2153053053053053,1.40416724651578,0,0.3,0,0.8509803921568627,0.0,0.0
,,13.019212798660401,0.2168768768768769,1.4029414127298399,0,0.3,0,0.8509803921568627,0.0,0.0
,,13.113554920389825,0.21844844844844846,1.429716945619932,0,0.3,0,0.8509803921568627,0.0,0.0
,,13.207897042119248,0.22002002002002002,1.483238103236459,0,0.3,0,0.8509803921568627,0.0,0.0
,,13.302239163848672,0.2215915915915916,1.5609948043389903,0,0.3,0,0.8509803921568627,0.0,0.0
,,13.396581285578096,0.22316316316316318,1.6593403483431728,0,0.3,0,0.8509803921568627,0.0,0.0
,,13.490923407307518,0.22473473473473474,1.7736624414183342,0,0.3,0,0.8509803921568627,0.0,0.0
,,13.585265529036942,0.22630630630630633,1.8985995078068876,0,0.3,0,0.8509803921568627,0.0,0.0
,,13.679607650766364,0.2278778778778779,2.028292141611379,0,0.3,0,0.8509803921568627,0.0,0.0
,,13.773949772495788,0.22944944944944945,2.1566579062472497,0,0.3,0,0.8509803921568627,0.0,0.0
,,13.86829189422521,0.23102102102102104,2.277676593780374,0,0.3,0,0.8509803921568627,0.0,0.0
,,13.962634015954634,0.2325925925925926,2.3856725658119196,0,0.3,0,0.8509803921568627,0.0,0.0
,,14.056976137684057,0.2341641641641642,2.475580934445008,0,0.3,0,0.8509803921568627,0.0,0.0
,,14.15131825941348,0.23573573573573575,2.5431850997495564,0,0.3,0,0.8509803921568627,0.0,0.0
,,14.245660381142903,0.2373073073073073,2.585314503489102,0,0.3,0,0.8509803921568627,0.0,0.0
,,14.340002502872327,0.2388788788788789,2.5999933246854283,0,0.3,0,0.8509803921568627,0.0,0.0
,,14.43434462460175,0.24045045045045046,2.5865331433686127,0,0.3,0,0.8509803921568627,0.0,0.0
,,14.528686746331173,0.24202202202202203,2.5455652266883346,0,0.3,0,0.8509803921568627,0.0,0.0
,,14.623028868060597,0.24359359359359362,2.4790109232046453,0,0.3,0,0.8509803921568627,0.0,0.0
,,14.71737098979002,0.24516516516516518,2.3899915538321927,0,0.3,0,0.8509803921568627,0.0,0.0
,,14.811713111519444,0.24673673673673674,2.282682025449815,0,0.3,0,0.8509803921568627,0.0,0.0
,,14.906055233248866,0.24830830830830833,2.162115032530273,0,0.3,0,0.8509803921568627,0.0,0.0
,,15.00039735497829,0.2498798798798799,2.0339450295102783,0,0.3,0,0.8509803921568627,0.0,0.0
,,15.094739476707712,0.2514514514514515,1.9041830433274765,0,0.3,0,0.8509803921568627,0.0,0.0
,,15.189081598437136,0.25302302302302304,1.7789147631138549,0,0.3,0,0.8509803921568627,0.0,0.0
,,15.283423720166558,0.2545945945945946,1.6640151283174465,0,0.3,0,0.8509803921568627,0.0,0.0
,,15.377765841895982,0.25616616616616616,1.564872800743764,0,0.3,0,0.8509803921568627,0.0,0.0
,,15.472107963625405,0.2577377377377377,1.486137442463996,0,0.3,0,0.8509803921568627,0.0,0.0
,,15.566450085354829,0.25930930930930934,1.431501651967744,0,0.3,0,0.8509803921568627,0.0,0.0
,,15.660792207084251,0.2608808808808809,1.4035277855060375,0,0.3,0,0.8509803921568627,0.0,0.0
,,15.755134328813675,0.26245245245245247,1.4035277855060362,0,0.3,0,0.8509803921568627,0.0,0.0
,,15.849476450543099,0.26402402402402403,1.4315016519677415,0,0.3,0,0.8509803921568627,0.0,0.0
,,15.943818572272521,0.2655955955955956,1.4861374424639895,0,0.3,0,0.8509803921568627,0.0,0.0
,,16.038160694001945,0.2671671671671672,1.5648728007437582,0,0.3,0,0.8509803921568627,0.0,0.0
,,16.132502815731367,0.26873873873873877,1.664015128317436,0,0.3,0,0.8509803921568627,0.0,0.0
,,16.22684493746079,0.27031031031031033,1.7789147631138436,0,0.3,0,0.8509803921568627,0.0,0.0
,,16.321187059190216,0.2718818818818819,1.9041830433274645,0,0.3,0,0.8509803921568627,0.0,0.0
,,16.415529180919638,0.27345345345345345,2.0339450295102703,0,0.3,0,0.8509803921568627,0.0,0.0
,,16.50987130264906,0.275025025025025,2.162115032530261,0,0.3,0,0.8509803921568627,0.0,0.0
,,16.604213424378482,0.27659659659659663,2.2826820254498044,0,0.3,0,0.8509803921568627,0.0,0.0
,,16.698555546107908,0.2781681681681682,2.389991553832183,0,0.3,0,0.8509803921568627,0.0,0.0
,,16.79289766783733,0.27973973973973976,2.4790109232046404,0,0.3,0,0.8509803921568627,0.0,0.0
,,16.887239789566753,0.2813113113113113,2.5455652266883293,0,0.3,0,0.8509803921568627,0.0,0.0
,,16.98158191129618,0.2828828828828829,2.586533143368611,0,0.3,0,0.8509803921568627,0.0,0.0
,,17.0759240330256,0.2844544544544545,2.5999933246854283,0,0.3,0,0.8509803921568627,0.0,0.0
,,17.170266154755023,0.28602602602602606,2.5853145034891045,0,0.3,0,0.8509803921568627,0.0,0.0
,,17.264608276484445,0.2875975975975976,2.5431850997495618,0,0.3,0,0.8509803921568627,0.0,0.0
,,17.35895039821387,0.2891691691691692,2.475580934445013,0,0.3,0,0.8509803921568627,0.0,0.0
,,17.453292519943293,0.29074074074074074,2.385672565811929,0,0.3,0,0.8509803921568627,0.0,0.0
,,17.547634641672715,0.2923123123123123,2.2776765937803845,0,0.3,0,0.8509803921568627,0.0,0.0
,,17.641976763402138,0.2938838838838839,2.1566579062472617,0,0.3,0,0.8509803921568627,0.0,0.0
,,17.736318885131563,0.2954554554554555,2.028292141611387,0,0.3,0,0.8509803921568627,0.0,0.0
,,17.830661006860986,0.29702702702702705,1.8985995078068976,0,0.3,0,0.8509803921568627,0.0,0.0
,,17.925003128590408,0.2985985985985986,1.7736624414183437,0,0.3,0,0.8509803921568627,0.0,0.0
,,18.01934525031983,0.30017017017017017,1.659340348343183,0,0.3,0,0.8509803921568627,0.0,0.0
,,18.113687372049256,0.30174174174174173,1.5609948043389958,0,0.3,0,0.8509803921568627,0.0,0.0
,,18.208029493778678,0.30331331331331335,1.4832381032364652,0,0.3,0,0.8509803921568627,0.0,0.0
,,18.3023716155081,0.3048848848848849,1.4297169456199352,0,0.3,0,0.8509803921568627,0.0,0.0
,,18.396713737237526,0.30645645645645647,1.402941412729841,0,0.3,0,0.8509803921568627,0.0,0.0
,,18.49105585896695,0.30802802802802803,1.4041672465157788,0,0.3,0,0.8509803921568627,0.0,0.0
,,18.58539798069637,0.3095995995995996,1.4333369567715002,0,0.3,0,0.8509803921568627,0.0,0.0
,,18.679740102425793,0.3111711711711712,1.4890825173600097,0,0.3,0,0.8509803921568627,0.0,0.0
,,18.77408222415522,0.3127427427427428,1.568789525078873,0,0.3,0,0.8509803921568627,0.0,0.0
,,18.86842434588464,0.31431431431431434,1.668719812188154,0,0.3,0,0.8509803921568627,0.0,0.0
,,18.962766467614063,0.3158858858858859,1.7841867622132712,0,0.3,0,0.8509803921568627,0.0,0.0
,,19.057108589343486,0.31745745745745746,1.909775106911631,0,0.3,0,0.8509803921568627,0.0,0.0
,,19.15145071107291,0.319029029029029,2.0395948961759665,0,0.3,0,0.8509803921568627,0.0,0.0
,,19.245792832802334,0.32060060060060064,2.167557729975693,0,0.3,0,0.8509803921568627,0.0,0.0
,,19.340134954531756,0.3221721721721722,2.2876622973732785,0,0.3,0,0.8509803921568627,0.0,0.0
,,19.43447707626118,0.32374374374374376,2.394275831161511,0,0.3,0,0.8509803921568627,0.0,0.0
,,19.528819197990604,0.3253153153153153,2.4823982782201606,0,0.3,0,0.8509803921568627,0.0,0.0
,,19.623161319720026,0.3268868868868869,2.547896796303788,0,0.3,0,0.8509803921568627,0.0,0.0
,,19.71750344144945,0.3284584584584585,2.5876995796286684,0,0.3,0,0.8509803921568627,0.0,0.0
,,19.811845563178874,0.33003003003003006,2.5999399230600493,0,0.3,0,0.8509803921568627,0.0,0.0
,,19.906187684908296,0.3316016016016016,2.5840437684536033,0,0.3,0,0.8509803921568627,0.0,0.0
,,20.00052980663772,0.3331731731731732,2.5407566273275712,0,0.3,0,0.8509803921568627,0.0,0.0
,,20.09487192836714,0.33474474474474475,2.4721086172229594,0,0.3,0,0.8509803921568627,0.0,0.0
,,20.189214050096567,0.3363163163163163,2.3813192515066364,0,0.3,0,0.8509803921568627,0.0,0.0
,,20.28355617182599,0.3378878878878879,2.2726464478669324,0,0.3,0,0.8509803921568627,0.0,0.0
,,20.37789829355541,0.3394594594594595,2.151186836831085,0,0.3,0,0.8509803921568627,0.0,0.0
,,20.472240415284833,0.34103103103103105,2.0226367356072394,0,0.3,0,0.8509803921568627,0.0,0.0
,,20.56658253701426,0.3426026026026026,1.8930249973052222,0,0.3,0,0.8509803921568627,0.0,0.0
,,20.66092465874368,0.3441741741741742,1.7684302646028092,0,0.3,0,0.8509803921568627,0.0,0.0
,,20.755266780473104,0.3457457457457458,1.6546958883380745,0,0.3,0,0.8509803921568627,0.0,0.0
,,20.84960890220253,0.34731731731731735,1.5571558810205999,0,0.3,0,0.8509803921568627,0.0,0.0
,,20.94395102393195,0.3488888888888889,1.480384757729341,0,0.3,0,0.8509803921568627,0.0,0.0
,,21.038293145661374,0.3504604604604605,1.4279829965735447,0,0.3,0,0.8509803921568627,0.0,0.0
,,21.132635267390796,0.35203203203203204,1.4024081803765385,0,0.3,0,0.8509803921568627,0.0,0.0
,,21.226977389120222,0.3536036036036036,1.4048597388446733,0,0.3,0,0.8509803921568627,0.0,0.0
,,21.321319510849644,0.3551751751751752,1.4352226966822952,0,0.3,0,0.8509803921568627,0.0,0.0
,,21.415661632579067,0.3567467467467468,1.4920730658019599,0,0.3,0,0.8509803921568627,0.0,0.0
,,21.51000375430849,0.35831831831831834,1.572744628741377,0,0.3,0,0.8509803921568627,0.0,0.0
,,21.604345876037915,0.3598898898898899,1.673453981221048,0,0.3,0,0.8509803921568627,0.0,0.0
,,21.698687997767337,0.36146146146146146,1.7894779694891936,0,0.3,0,0.8509803921568627,0.0,0.0
,,21.79303011949676,0.3630330330330331,1.9153752008450406,0,0.3,0,0.8509803921568627,0.0,0.0
,,21.887372241226185,0.36460460460460464,2.0452412387494343,0,0.3,0,0.8509803921568627,0.0,0.0
,,21.981714362955607,0.3661761761761762,2.1729855141633276,0,0.3,0,0.8509803921568627,0.0,0.0
,,22.07605648468503,0.36774774774774777,2.292616966288173,0,0.3,0,0.8509803921568627,0.0,0.0
,,22.17039860641445,0.36931931931931933,2.3985250164833625,0,0.3,0,0.8509803921568627,0.0,0.0
,,22.264740728143877,0.3708908908908909,2.4857426980044424,0,0.3,0,0.8509803921568627,0.0,0.0
,,22.3590828498733,0.3724624624624625,2.5501796010776054,0,0.3,0,0.8509803921568627,0.0,0.0
,,22.453424971602722,0.37403403403403407,2.588813708452134,0,0.3,0,0.8509803921568627,0.0,0.0
,,22.547767093332144,0.37560560560560563,2.5998331245622333,0,0.3,0,0.8509803921568627,0.0,0.0
,,22.64210921506157,0.3771771771771772,2.5827210513622276,0,0.3,0,0.8509803921568627,0.0,0.0
,,22.736451336790992,0.37874874874874875,2.538280025565391,0,0.3,0,0.8509803921568627,0.0,0.0
,,22.830793458520414,0.3803203203203203,2.4685942805875563,0,0.3,0,0.8509803921568627,0.0,0.0
,,22.925135580249837,0.38189189189189193,2.376931998377392,0,0.3,0,0.8509803921568627,0.0,0.0
,,23.019477701979262,0.3834634634634635,2.2675920354110524,0,0.3,0,0.8509803921568627,0.0,0.0
,,23.113819823708685,0.38503503503503506,2.1457023112271587,0,0.3,0,0.8509803921568627,0.0,0.0
,,23.208161945438107,0.3866066066066066,2.0169793148498805,0,0.3,0,0.8509803921568627,0.0,0.0
,,23.302504067167533,0.3881781781781782,1.8874600079745023,0,0.3,0,0.8509803921568627,0.0,0.0
,,23.396846188896955,0.3897497497497498,1.7632186983503426,0,0.3,0,0.8509803921568627,0.0,0.0
,,23.491188310626377,0.39132132132132136,1.6500821616762416,0,0.3,0,0.8509803921568627,0.0,0.0
,,23.5855304323558,0.3928928928928929,1.5533563724669555,0,0.3,0,0.8509803921568627,0.0,0.0
,,23.679872554085225,0.3944644644644645,1.477577659900926,0,0.3,0,0.8509803921568627,0.0,0.0
,,23.774214675814648,0.39603603603603604,1.4262999591564518,0,0.3,0,0.8509803921568627,0.0,0.0
,,23.86855679754407,0.3976076076076076,1.4019281359057802,0,0.3,0,0.8509803921568627,0.0,0.0
,,23.962898919273492,0.3991791791791792,1.4056052008583397,0,0.3,0,0.8509803921568627,0.0,0.0
,,24.057241041002918,0.4007507507507508,1.4371587038622973,0,0.3,0,0.8509803921568627,0.0,0.0
,,24.15158316273234,0.40232232232232235,1.4951088216199655,0,0.3,0,0.8509803921568627,0.0,0.0
,,24.245925284461762,0.4038938938938939,1.57673775971242,0,0.3,0,0.8509803921568627,0.0,0.0
,,24.340267406191188,0.40546546546546547,1.678217214057565,0,0.3,0,0.8509803921568627,0.0,0.0
,,24.43460952792061,0.4070370370370371,1.7947879140045897,0,0.3,0,0.8509803921568627,0.0,0.0
,,24.528951649650033,0.40860860860860865,1.9209828266986173,0,0.3,0,0.8509803921568627,0.0,0.0
,,24.623293771379455,0.4101801801801802,2.0508835546852935,0,0.3,0,0.8509803921568627,0.0,0.0
,,24.71763589310888,0.41175175175175177,2.178397902000297,0,0.3,0,0.8509803921568627,0.0,0.0
,,24.811978014838303,0.41332332332332333,2.2975455912106253,0,0.3,0,0.8509803921568627,0.0,0.0
,,24.906320136567725,0.4148948948948949,2.402738731604535,0,0.3,0,0.8509803921568627,0.0,0.0
,,25.000662258297147,0.4164664664664665,2.48904388489175,0,0.3,0,0.8509803921568627,0.0,0.0
,,25.095004380026573,0.4180380380380381,2.5524134378317154,0,0.3,0,0.8509803921568627,0.0,0.0
,,25.189346501755995,0.41960960960960964,2.5898754306774205,0,0.3,0,0.8509803921568627,0.0,0.0
,,25.283688623485418,0.4211811811811812,2.599672938697442,0,0.3,0,0.8509803921568627,0.0,0.0
,,25.378030745214843,0.42275275275275276,2.5813464699416917,0,0.3,0,0.8509803921568627,0.0,0.0
,,25.472372866944266,0.4243243243243244,2.535755514889744,0,0.3,0,0.8509803921568627,0.0,0.0
,,25.566714988673688,0.42589589589589594,2.4650382373277675,0,0.3,0,0.8509803921568627,0.0,0.0
,,25.66105711040311,0.4274674674674675,2.3725111969059536,0,0.3,0,0.8509803921568627,0.0,0.0
,,25.755399232132536,0.42903903903903906,2.26251380627415,0,0.3,0,0.8509803921568627,0.0,0.0
,,25.84974135386196,0.4306106106106106,2.140204817578559,0,0.3,0,0.8509803921568627,0.0,0.0
,,25.94408347559138,0.4321821821821822,2.0113203828706907,0,0.3,0,0.8509803921568627,0.0,0.0
,,26.038425597320803,0.4337537537537538,1.8819050351193862,0,0.3,0,0.8509803921568627,0.0,0.0
,,26.13276771905023,0.43532532532532536,1.758028206509619,0,0.3,0,0.8509803921568627,0.0,0.0
,,26.22710984077965,0.4368968968968969,1.6454995789964313,0,0.3,0,0.8509803921568627,0.0,0.0
,,26.321451962509073,0.4384684684684685,1.5495966168483726,0,0.3,0,0.8509803921568627,0.0,0.0
,,26.415794084238495,0.44004004004004005,1.474817059593317,0,0.3,0,0.8509803921568627,0.0,0.0
,,26.51013620596792,0.4416116116116116,1.4246679831652127,0,0.3,0,0.8509803921568627,0.0,0.0
,,26.604478327697343,0.4431831831831832,1.4015013220433008,0,0.3,0,0.8509803921568627,0.0,0.0
,,26.698820449426766,0.4447547547547548,1.4064035662079024,0,0.3,0,0.8509803921568627,0.0,0.0
,,26.79316257115619,0.44632632632632635,1.4391448059997072,0,0.3,0,0.8509803921568627,0.0,0.0
,,26.887504692885614,0.4478978978978979,1.4981895146205293,0,0.3,0,0.8509803921568627,0.0,0.0
,,26.981846814615036,0.4494694694694695,1.5807685625885737,0,0.3,0,0.8509803921568627,0.0,0.0
,,27.076188936344458,0.4510410410410411,1.6830090867523595,0,0.3,0,0.8509803921568627,0.0,0.0
,,27.170531058073884,0.45261261261261265,1.8001161231547596,0,0.3,0,0.8509803921568627,0.0,0.0
,,27.264873179803306,0.4541841841841842,1.9265974853729162,0,0.3,0,0.8509803921568627,0.0,0.0
,,27.35921530153273,0.4557557557557558,2.0565213417965675,0,0.3,0,0.8509803921568627,0.0,0.0
,,27.45355742326215,0.45732732732732734,2.183794411764059,0,0.3,0,0.8509803921568627,0.0,0.0
,,27.547899544991576,0.4588988988988989,2.3024477334747893,0,0.3,0,0.8509803921568627,0.0,0.0
,,27.642241666721,0.4604704704704705,2.406916601488793,0,0.3,0,0.8509803921568627,0.0,0.0
,,27.73658378845042,0.4620420420420421,2.492301545064245,0,0.3,0,0.8509803921568627,0.0,0.0
,,27.830925910179847,0.46361361361361364,2.554598107746382,0,0.3,0,0.8509803921568627,0.0,0.0
,,27.92526803190927,0.4651851851851852,2.5908846518073227,0,0.3,0,0.8509803921568627,0.0,0.0
,,28.01961015363869,0.46675675675675676,2.5994593797228096,0,0.3,0,0.8509803921568627,0.0,0.0
,,28.113952275368113,0.4683283283283284,2.579920146534827,0,0.3,0,0.8509803921568627,0.0,0.0
,,28.20829439709754,0.46989989989989994,2.5331833199914193,0,0.3,0,0.8509803921568627,0.0,0.0
,,28.30263651882696,0.4714714714714715,2.4614408039445945,0,0.3,0,0.8509803921568627,0.0,0.0
,,28.396978640556384,0.47304304304304307,2.368057240560005,0,0.3,0,0.8509803921568627,0.0,0.0
,,28.491320762285806,0.4746146146146146,2.257412212437408,0,0.3,0,0.8509803921568627,0.0,0.0
,,28.585662884015232,0.4761861861861862,2.1346948451825516,0,0.3,0,0.8509803921568627,0.0,0.0
,,28.680005005744654,0.4777577577577578,2.0056604433355494,0,0.3,0,0.8509803921568627,0.0,0.0
,,28.774347127474076,0.47932932932932937,1.8763605731529989,0,0.3,0,0.8509803921568627,0.0,0.0
,,28.8686892492035,0.48090090090090093,1.752859251053613,0,0.3,0,0.8509803921568627,0.0,0.0
,,28.963031370932924,0.4824724724724725,1.6409485481654542,0,0.3,0,0.8509803921568627,0.0,0.0
,,29.057373492662347,0.48404404404404405,1.5458769487970099,0,0.3,0,0.8509803921568627,0.0,0.0
,,29.15171561439177,0.48561561561561567,1.4721032025101475,0,0.3,0,0.8509803921568627,0.0,0.0
,,29.246057736121195,0.48718718718718723,1.4230872138517263,0,0.3,0,0.8509803921568627,0.0,0.0
,,29.340399857850617,0.4887587587587588,1.4011277767771126,0,0.3,0,0.8509803921568627,0.0,0.0
,,29.43474197958004,0.49033033033033036,1.4072547638358914,0,0.3,0,0.8509803921568627,0.0,0.0
,,29.52908410130946,0.4919019019019019,1.441180826324082,0,0.3,0,0.8509803921568627,0.0,0.0
,,29.623426223038887,0.4934734734734735,1.5013148706105783,0,0.3,0,0.8509803921568627,0.0,0.0
,,29.71776834476831,0.4950450450450451,1.5848366786134627,0,0.3,0,0.8509803921568627,0.0,0.0
,,29.81211046649773,0.49661661661661666,1.6878291728110457,0,0.3,0,0.8509803921568627,0.0,0.0
,,29.906452588227154,0.4981881881881882,1.8054621227093668,0,0.3,0,0.8509803921568627,0.0,0.0
,,30.00079470995658,0.4997597597597598,1.9322186771425502,0,0.3,0,0.8509803921568627,0.0,0.0
,,30.095136831686002,0.5013313313313313,2.0621540982993345,0,0.3,0,0.8509803921568627,0.0,0.0
,,30.189478953415424,0.502902902902903,2.1891745631452895,0,0.3,0,0.8509803921568627,0.0,0.0
,,30.28382107514485,0.5044744744744745,2.3073229567718623,0,0.3,0,0.8509803921568627,0.0,0.0
,,30.378163196874272,0.5060460460460461,2.411058254290261,0,0.3,0,0.8509803921568627,0.0,0.0
,,30.472505318603694,0.5076176176176177,2.4955153885781183,0,0.3,0,0.8509803921568627,0.0,0.0
,,30.566847440333117,0.5091891891891892,2.5567334163779023,0,0.3,0,0.8509803921568627,0.0,0.0
,,30.661189562062543,0.5107607607607608,2.591841282017427,0,0.3,0,0.8509803921568627,0.0,0.0
,,30.755531683791965,0.5123323323323323,2.5991924666458743,0,0.3,0,0.8509803921568627,0.0,0.0
,,30.849873805521387,0.513903903903904,2.578442208089693,0,0.3,0,0.8509803921568627,0.0,0.0
,,30.94421592725081,0.5154754754754755,2.530563669805273,0,0.3,0,0.8509803921568627,0.0,0.0
,,31.038558048980235,0.5170470470470471,2.4578023006229213,0,0.3,0,0.8509803921568627,0.0,0.0
,,31.132900170709657,0.5186186186186187,2.3635705257581376,0,0.3,0,0.8509803921568627,0.0,0.0
,,31.22724229243908,0.5201901901901902,2.2522877079615418,0,0.3,0,0.8509803921568627,0.0,0.0
,,31.321584414168502,0.5217617617617618,2.129172884447071,0,0.3,0,0.8509803921568627,0.0,0.0
,,31.415926535897928,0.5233333333333333,2.0000000000000124,0,0.3,0,0.8509803921568627,0.0,0.0
,,31.51026865762735,0.5249049049049049,1.8708271155529528,0,0.3,0,0.8509803921568627,0.0,0.0
,,31.604610779356772,0.5264764764764766,1.7477122920384809,0,0.3,0,0.8509803921568627,0.0,0.0
,,31.698952901086198,0.5280480480480481,1.6364294742418752,0,0.3,0,0.8509803921568627,0.0,0.0
,,31.79329502281562,0.5296196196196197,1.542197699377089,0,0.3,0,0.8509803921568627,0.0,0.0
,,31.887637144545042,0.5311911911911912,1.4694363301947388,0,0.3,0,0.8509803921568627,0.0,0.0
,,31.981979266274465,0.5327627627627628,1.4215577919103135,0,0.3,0,0.8509803921568627,0.0,0.0
,,32.07632138800389,0.5343343343343344,1.4008075333541266,0,0.3,0,0.8509803921568627,0.0,0.0
,,32.17066350973331,0.5359059059059059,1.4081587179825692,0,0.3,0,0.8509803921568627,0.0,0.0
,,32.265005631462735,0.5374774774774775,1.4432665836220884,0,0.3,0,0.8509803921568627,0.0,0.0
,,32.35934775319216,0.539049049049049,1.504484611421868,0,0.3,0,0.8509803921568627,0.0,0.0
,,32.45368987492158,0.5406206206206207,1.5889417457097212,0,0.3,0,0.8509803921568627,0.0,0.0
,,32.548031996651005,0.5421921921921922,1.6926770432281237,0,0.3,0,0.8509803921568627,0.0,0.0
,,32.64237411838043,0.5437637637637638,1.810825436854687,0,0.3,0,0.8509803921568627,0.0,0.0
,,32.73671624010985,0.5453353353353354,1.937845901700641,0,0.3,0,0.8509803921568627,0.0,0.0
,,32.831058361839276,0.5469069069069069,2.0677813228574338,0,0.3,0,0.8509803921568627,0.0,0.0
,,32.9254004835687,0.5484784784784785,2.194537877290618,0,0.3,0,0.8509803921568627,0.0,0.0
,,33.01974260529812,0.55005005005005,2.312170827188933,0,0.3,0,0.8509803921568627,0.0,0.0
,,33.114084727027546,0.5516216216216216,2.4151633213865193,0,0.3,0,0.8509803921568627,0.0,0.0
,,33.208426848756964,0.5531931931931933,2.498685129389408,0,0.3,0,0.8509803921568627,0.0,0.0
,,33.30276897048639,0.5547647647647648,2.558819173675909,0,0.3,0,0.8509803921568627,0.0,0.0
,,33.397111092215816,0.5563363363363364,2.592745236164105,0,0.3,0,0.8509803921568627,0.0,0.0
,,33.491453213945235,0.5579079079079079,2.5988722232228887,0,0.3,0,0.8509803921568627,0.0,0.0
,,33.58579533567466,0.5594794794794795,2.576912786148278,0,0.3,0,0.8509803921568627,0.0,0.0
,,33.680137457404086,0.5610510510510511,2.52789679748986,0,0.3,0,0.8509803921568627,0.0,0.0
,,33.774479579133505,0.5626226226226226,2.4541230512030063,0,0.3,0,0.8509803921568627,0.0,0.0
,,33.86882170086293,0.5641941941941943,2.3590514518345658,0,0.3,0,0.8509803921568627,0.0,0.0
,,33.96316382259236,0.5657657657657658,2.2471407489464017,0,0.3,0,0.8509803921568627,0.0,0.0
,,34.057505944321775,0.5673373373373374,2.123639426847025,0,0.3,0,0.8509803921568627,0.0,0.0
,,34.1518480660512,0.568908908908909,1.994339556664475,0,0.3,0,0.8509803921568627,0.0,0.0
,,34.24619018778062,0.5704804804804805,1.8653051548174724,0,0.3,0,0.8509803921568627,0.0,0.0
,,34.340532309510046,0.5720520520520521,1.7425877875626141,0,0.3,0,0.8509803921568627,0.0,0.0
,,34.43487443123947,0.5736236236236236,1.6319427594400076,0,0.3,0,0.8509803921568627,0.0,0.0
,,34.52921655296889,0.5751951951951952,1.5385591960554212,0,0.3,0,0.8509803921568627,0.0,0.0
,,34.623558674698316,0.5767667667667667,1.4668166800085922,0,0.3,0,0.8509803921568627,0.0,0.0
,,34.71790079642774,0.5783383383383384,1.420079853465177,0,0.3,0,0.8509803921568627,0.0,0.0
,,34.81224291815716,0.57990990990991,1.4005406202771917,0,0.3,0,0.8509803921568627,0.0,0.0
,,34.906585039886586,0.5814814814814815,1.4091153481926728,0,0.3,0,0.8509803921568627,0.0,0.0
,,35.000927161616005,0.5830530530530531,1.4454018922536085,0,0.3,0,0.8509803921568627,0.0,0.0
,,35.09526928334543,0.5846246246246246,1.5076984549357408,0,0.3,0,0.8509803921568627,0.0,0.0
,,35.18961140507486,0.5861961961961962,1.5930833985111954,0,0.3,0,0.8509803921568627,0.0,0.0
,,35.283953526804275,0.5877677677677678,1.6975522665251894,0,0.3,0,0.8509803921568627,0.0,0.0
,,35.3782956485337,0.5893393393393394,1.8162055882359176,0,0.3,0,0.8509803921568627,0.0,0.0
,,35.47263777026313,0.590910910910911,1.9434786582034165,0,0.3,0,0.8509803921568627,0.0,0.0
,,35.566979891992546,0.5924824824824825,2.073402514627055,0,0.3,0,0.8509803921568627,0.0,0.0
,,35.66132201372197,0.5940540540540541,2.199883876845221,0,0.3,0,0.8509803921568627,0.0,0.0
,,35.7556641354514,0.5956256256256257,2.3169909132476234,0,0.3,0,0.8509803921568627,0.0,0.0
,,35.850006257180816,0.5971971971971972,2.419231437411412,0,0.3,0,0.8509803921568627,0.0,0.0
,,35.94434837891024,0.5987687687687688,2.501810485379462,0,0.3,0,0.8509803921568627,0.0,0.0
,,36.03869050063966,0.6003403403403403,2.560855194000284,0,0.3,0,0.8509803921568627,0.0,0.0
,,36.133032622369086,0.601911911911912,2.593596433792094,0,0.3,0,0.8509803921568627,0.0,0.0
,,36.22737474409851,0.6034834834834835,2.5984986779567003,0,0.3,0,0.8509803921568627,0.0,0.0
,,36.32171686582793,0.6050550550550551,2.5753320168347953,0,0.3,0,0.8509803921568627,0.0,0.0
,,36.416058987557356,0.6066266266266267,2.5251829404066948,0,0.3,0,0.8509803921568627,0.0,0.0
,,36.51040110928678,0.6081981981981982,2.4504033831516407,0,0.3,0,0.8509803921568627,0.0,0.0
,,36.6047432310162,0.6097697697697698,2.354500421003585,0,0.3,0,0.8509803921568627,0.0,0.0
,,36.69908535274563,0.6113413413413413,2.2419717934904035,0,0.3,0,0.8509803921568627,0.0,0.0
,,36.79342747447505,0.6129129129129129,2.1180949648806338,0,0.3,0,0.8509803921568627,0.0,0.0
,,36.88776959620447,0.6144844844844846,1.9886796171293337,0,0.3,0,0.8509803921568627,0.0,0.0
,,36.9821117179339,0.6160560560560561,1.8597951824214571,0,0.3,0,0.8509803921568627,0.0,0.0
,,37.076453839663316,0.6176276276276277,1.7374861937258759,0,0.3,0,0.8509803921568627,0.0,0.0
,,37.17079596139274,0.6191991991991992,1.627488803094066,0,0.3,0,0.8509803921568627,0.0,0.0
,,37.26513808312217,0.6207707707707708,1.5349617626722454,0,0.3,0,0.8509803921568627,0.0,0.0
,,37.359480204851586,0.6223423423423424,1.464244485110265,0,0.3,0,0.8509803921568627,0.0,0.0
,,37.45382232658101,0.6239139139139139,1.4186535300583145,0,0.3,0,0.8509803921568627,0.0,0.0
,,37.54816444831044,0.6254854854854855,1.400327061302559,0,0.3,0,0.8509803921568627,0.0,0.0
,,37.642506570039856,0.627057057057057,1.4101245693225748,0,0.3,0,0.8509803921568627,0.0,0.0
,,37.73684869176928,0.6286286286286287,1.4475865621682784,0,0.3,0,0.8509803921568627,0.0,0.0
,,37.83119081349871,0.6302002002002003,1.5109561151082356,0,0.3,0,0.8509803921568627,0.0,0.0
,,37.92553293522813,0.6317717717717718,1.5972612683954466,0,0.3,0,0.8509803921568627,0.0,0.0
,,38.01987505695755,0.6333433433433434,1.7024544087893572,0,0.3,0,0.8509803921568627,0.0,0.0
,,38.11421717868697,0.6349149149149149,1.8216020979996834,0,0.3,0,0.8509803921568627,0.0,0.0
,,38.2085593004164,0.6364864864864865,1.9491164453146774,0,0.3,0,0.8509803921568627,0.0,0.0
,,38.30290142214582,0.638058058058058,2.0790171733013625,0,0.3,0,0.8509803921568627,0.0,0.0
,,38.39724354387524,0.6396296296296297,2.205212085995387,0,0.3,0,0.8509803921568627,0.0,0.0
,,38.49158566560467,0.6412012012012013,2.321782785942421,0,0.3,0,0.8509803921568627,0.0,0.0
,,38.58592778733409,0.6427727727727728,2.4232622402875625,0,0.3,0,0.8509803921568627,0.0,0.0
,,38.68026990906351,0.6443443443443444,2.504891178380021,0,0.3,0,0.8509803921568627,0.0,0.0
,,38.77461203079294,0.6459159159159159,2.5628412961376954,0,0.3,0,0.8509803921568627,0.0,0.0
,,38.86895415252236,0.6474874874874875,2.594394799141658,0,0.3,0,0.8509803921568627,0.0,0.0
,,38.96329627425178,0.6490590590590591,2.598071864094222,0,0.3,0,0.8509803921568627,0.0,0.0
,,39.05763839598121,0.6506306306306306,2.573700040843554,0,0.3,0,0.8509803921568627,0.0,0.0
,,39.151980517710626,0.6522022022022023,2.522422340099084,0,0.3,0,0.8509803921568627,0.0,0.0
,,39.24632263944005,0.6537737737737738,2.4466436275330583,0,0.3,0,0.8509803921568627,0.0,0.0
,,39.34066476116948,0.6553453453453454,2.349917838323775,0,0.3,0,0.8509803921568627,0.0,0.0
,,39.4350068828989,0.656916916916917,2.23678130164968,0,0.3,0,0.8509803921568627,0.0,0.0
,,39.52934900462832,0.6584884884884885,2.1125399920255137,0,0.3,0,0.8509803921568627,0.0,0.0
,,39.62369112635775,0.6600600600600601,1.9830206851501355,0,0.3,0,0.8509803921568627,0.0,0.0
,,39.71803324808717,0.6616316316316316,1.8542976887728653,0,0.3,0,0.8509803921568627,0.0,0.0
,,39.81237536981659,0.6632032032032033,1.7324079645889658,0,0.3,0,0.8509803921568627,0.0,0.0
,,39.90671749154602,0.6647747747747749,1.6230680016226207,0,0.3,0,0.8509803921568627,0.0,0.0
,,40.00105961327544,0.6663463463463464,1.5314057194124615,0,0.3,0,0.8509803921568627,0.0,0.0
,,40.09540173500486,0.667917917917918,1.4617199744346179,0,0.3,0,0.8509803921568627,0.0,0.0
,,40.18974385673428,0.6694894894894895,1.4172789486377786,0,0.3,0,0.8509803921568627,0.0,0.0
,,40.28408597846371,0.6710610610610611,1.4001668754377672,0,0.3,0,0.8509803921568627,0.0,0.0
,,40.37842810019313,0.6726326326326326,1.4111862915478612,0,0.3,0,0.8509803921568627,0.0,0.0
,,40.47277022192255,0.6742042042042042,1.4498203989223846,0,0.3,0,0.8509803921568627,0.0,0.0
,,40.56711234365198,0.6757757757757759,1.5142573019955456,0,0.3,0,0.8509803921568627,0.0,0.0
,,40.661454465381404,0.6773473473473474,1.6014749835166255,0,0.3,0,0.8509803921568627,0.0,0.0
,,40.75579658711082,0.678918918918919,1.707383033711802,0,0.3,0,0.8509803921568627,0.0,0.0
,,40.85013870884025,0.6804904904904905,1.8270144858366528,0,0.3,0,0.8509803921568627,0.0,0.0
,,40.94448083056967,0.6820620620620621,1.9547587612505413,0,0.3,0,0.8509803921568627,0.0,0.0
,,41.03882295229909,0.6836336336336337,2.084624799154939,0,0.3,0,0.8509803921568627,0.0,0.0
,,41.13316507402852,0.6852052052052052,2.2105220305107833,0,0.3,0,0.8509803921568627,0.0,0.0
,,41.22750719575794,0.6867767767767768,2.3265460187789313,0,0.3,0,0.8509803921568627,0.0,0.0
,,41.32184931748736,0.6883483483483483,2.4272553712586054,0,0.3,0,0.8509803921568627,0.0,0.0
,,41.41619143921679,0.68991991991992,2.5079269341980317,0,0.3,0,0.8509803921568627,0.0,0.0
,,41.51053356094621,0.6914914914914916,2.564777303317695,0,0.3,0,0.8509803921568627,0.0,0.0
,,41.60487568267563,0.6930630630630631,2.5951402611553243,0,0.3,0,0.8509803921568627,0.0,0.0
,,41.69921780440506,0.6946346346346347,2.5975918196234637,0,0.3,0,0.8509803921568627,0.0,0.0
,,41.79355992613448,0.6962062062062062,2.5720170034264616,0,0.3,0,0.8509803921568627,0.0,0.0
,,41.8879020478639,0.6977777777777778,2.5196152422706715,0,0.3,0,0.8509803921568627,0.0,0.0
,,41.98224416959332,0.6993493493493493,2.4428441189794166,0,0.3,0,0.8509803921568627,0.0,0.0
,,42.07658629132275,0.700920920920921,2.345304111661946,0,0.3,0,0.8509803921568627,0.0,0.0
,,42.170928413052174,0.7024924924924926,2.2315697353972057,0,0.3,0,0.8509803921568627,0.0,0.0
,,42.26527053478159,0.7040640640640641,2.1069750026948064,0,0.3,0,0.8509803921568627,0.0,0.0
,,42.35961265651102,0.7056356356356357,1.9773632643927854,0,0.3,0,0.8509803921568627,0.0,0.0
,,42.453954778240444,0.7072072072072072,1.848813163168935,0,0.3,0,0.8509803921568627,0.0,0.0
,,42.54829689996986,0.7087787787787788,1.7273535521330858,0,0.3,0,0.8509803921568627,0.0,0.0
,,42.64263902169929,0.7103503503503504,1.6186807484933827,0,0.3,0,0.8509803921568627,0.0,0.0
,,42.736981143428714,0.7119219219219219,1.5278913827770533,0,0.3,0,0.8509803921568627,0.0,0.0
,,42.83132326515813,0.7134934934934936,1.4592433726724396,0,0.3,0,0.8509803921568627,0.0,0.0
,,42.92566538688756,0.7150650650650651,1.4159562315464007,0,0.3,0,0.8509803921568627,0.0,0.0
,,43.02000750861698,0.7166366366366367,1.4000600769399512,0,0.3,0,0.8509803921568627,0.0,0.0
,,43.1143496303464,0.7182082082082083,1.4123004203713267,0,0.3,0,0.8509803921568627,0.0,0.0
,,43.20869175207583,0.7197797797797798,1.4521032036962054,0,0.3,0,0.8509803921568627,0.0,0.0
,,43.30303387380525,0.7213513513513514,1.517601721779822,0,0.3,0,0.8509803921568627,0.0,0.0
,,43.397375995534674,0.7229229229229229,1.6057241688384738,0,0.3,0,0.8509803921568627,0.0,0.0
,,43.4917181172641,0.7244944944944945,1.7123377026267033,0,0.3,0,0.8509803921568627,0.0,0.0
,,43.58606023899352,0.7260660660660662,1.832442270024287,0,0.3,0,0.8509803921568627,0.0,0.0
,,43.680402360722944,0.7276376376376377,1.9604051038240176,0,0.3,0,0.8509803921568627,0.0,0.0
,,43.77474448245237,0.7292092092092093,2.0902248930883487,0,0.3,0,0.8509803921568627,0.0,0.0
,,43.86908660418179,0.7307807807807808,2.2158132377867057,0,0.3,0,0.8509803921568627,0.0,0.0
,,43.963428725911214,0.7323523523523524,2.3312801878118323,0,0.3,0,0.8509803921568627,0.0,0.0
,,44.05777084764063,0.7339239239239239,2.431210474921107,0,0.3,0,0.8509803921568627,0.0,0.0
,,44.15211296937006,0.7354954954954955,2.5109174826399774,0,0.3,0,0.8509803921568627,0.0,0.0
,,44.246455091099484,0.7370670670670671,2.566663043228493,0,0.3,0,0.8509803921568627,0.0,0.0
,,44.3407972128289,0.7386386386386387,2.5958327534842187,0,0.3,0,0.8509803921568627,0.0,0.0
,,44.43513933455833,0.7402102102102103,2.5970585872701615,0,0.3,0,0.8509803921568627,0.0,0.0
,,44.529481456287755,0.7417817817817818,2.570283054380071,0,0.3,0,0.8509803921568627,0.0,0.0
,,44.62382357801717,0.7433533533533534,2.5167618967635472,0,0.3,0,0.8509803921568627,0.0,0.0
,,44.7181656997466,0.744924924924925,2.4390051956610153,0,0.3,0,0.8509803921568627,0.0,0.0
,,44.812507821476025,0.7464964964964965,2.3406596516568374,0,0.3,0,0.8509803921568627,0.0,0.0
,,44.906849943205444,0.7480680680680681,2.226337558581679,0,0.3,0,0.8509803921568627,0.0,0.0
,,45.00119206493487,0.7496396396396396,2.1014004921931226,0,0.3,0,0.8509803921568627,0.0,0.0
,,45.09553418666429,0.7512112112112113,1.9717078583886332,0,0.3,0,0.8509803921568627,0.0,0.0
,,45.189876308393714,0.7527827827827829,1.8433420937527663,0,0.3,0,0.8509803921568627,0.0,0.0
,,45.28421843012314,0.7543543543543544,1.7223234062196335,0,0.3,0,0.8509803921568627,0.0,0.0
,,45.37856055185256,0.755925925925926,1.61432743418809,0,0.3,0,0.8509803921568627,0.0,0.0
,,45.472902673581984,0.7574974974974975,1.524419065554997,0,0.3,0,0.8509803921568627,0.0,0.0
,,45.56724479531141,0.7590690690690691,1.4568149002504487,0,0.3,0,0.8509803921568627,0.0,0.0
,,45.66158691704083,0.7606406406406406,1.414685496510901,0,0.3,0,0.8509803921568627,0.0,0.0
,,45.755929038770255,0.7622122122122122,1.4000066753145717,0,0.3,0,0.8509803921568627,0.0,0.0
,,45.85027116049967,0.7637837837837839,1.4134668566313846,0,0.3,0,0.8509803921568627,0.0,0.0
,,45.9446132822291,0.7653553553553554,1.4544347733116585,0,0.3,0,0.8509803921568627,0.0,0.0
,,46.038955403958525,0.766926926926927,1.5209890767953473,0,0.3,0,0.8509803921568627,0.0,0.0
,,46.133297525687944,0.7684984984984985,1.6100084461677981,0,0.3,0,0.8509803921568627,0.0,0.0
,,46.22763964741737,0.7700700700700701,1.7173179745501779,0,0.3,0,0.8509803921568627,0.0,0.0
,,46.321981769146795,0.7716416416416417,1.8378849674697149,0,0.3,0,0.8509803921568627,0.0,0.0
,,46.416323890876214,0.7732132132132132,1.966054970489705,0,0.3,0,0.8509803921568627,0.0,0.0
,,46.51066601260564,0.7747847847847849,2.0958169566725156,0,0.3,0,0.8509803921568627,0.0,0.0
,,46.605008134335066,0.7763563563563564,2.2210852368861413,0,0.3,0,0.8509803921568627,0.0,0.0
,,46.699350256064484,0.777927927927928,2.3359848716825398,0,0.3,0,0.8509803921568627,0.0,0.0
,,46.79369237779391,0.7794994994994996,2.4351271992562276,0,0.3,0,0.8509803921568627,0.0,0.0
,,46.88803449952333,0.7810710710710711,2.513862557535998,0,0.3,0,0.8509803921568627,0.0,0.0
,,46.982376621252754,0.7826426426426427,2.5684983480322536,0,0.3,0,0.8509803921568627,0.0,0.0
,,47.07671874298218,0.7842142142142142,2.5964722144939616,0,0.3,0,0.8509803921568627,0.0,0.0
,,47.1710608647116,0.7857857857857858,2.5964722144939656,0,0.3,0,0.8509803921568627,0.0,0.0
,,47.265402986441025,0.7873573573573575,2.5684983480322625,0,0.3,0,0.8509803921568627,0.0,0.0
,,47.35974510817045,0.788928928928929,2.5138625575360125,0,0.3,0,0.8509803921568627,0.0,0.0
,,47.45408722989987,0.7905005005005006,2.435127199256253,0,0.3,0,0.8509803921568627,0.0,0.0
,,47.548429351629295,0.7920720720720721,2.3359848716825704,0,0.3,0,0.8509803921568627,0.0,0.0
,,47.64277147335872,0.7936436436436437,2.22108523688616,0,0.3,0,0.8509803921568627,0.0,0.0
,,47.73711359508814,0.7952152152152152,2.095816956672552,0,0.3,0,0.8509803921568627,0.0,0.0
,,47.831455716817565,0.7967867867867868,1.966054970489742,0,0.3,0,0.8509803921568627,0.0,0.0
,,47.925797838546984,0.7983583583583584,1.8378849674697506,0,0.3,0,0.8509803921568627,0.0,0.0
,,48.02013996027641,0.79992992992993,1.717317974550203,0,0.3,0,0.8509803921568627,0.0,0.0
,,48.114482082005836,0.8015015015015016,1.6100084461678261,0,0.3,0,0.8509803921568627,0.0,0.0
,,48.208824203735254,0.8030730730730731,1.5209890767953698,0,0.3,0,0.8509803921568627,0.0,0.0
,,48.30316632546468,0.8046446446446447,1.4544347733116738,0,0.3,0,0.8509803921568627,0.0,0.0
,,48.397508447194106,0.8062162162162163,1.4134668566313908,0,0.3,0,0.8509803921568627,0.0,0.0
,,48.491850568923525,0.8077877877877878,1.4000066753145715,0,0.3,0,0.8509803921568627,0.0,0.0
,,48.58619269065295,0.8093593593593594,1.4146854965108928,0,0.3,0,0.8509803921568627,0.0,0.0
,,48.680534812382376,0.8109309309309309,1.4568149002504367,0,0.3,0,0.8509803921568627,0.0,0.0
,,48.774876934111795,0.8125025025025026,1.5244190655549794,0,0.3,0,0.8509803921568627,0.0,0.0
,,48.86921905584122,0.8140740740740742,1.6143274341880618,0,0.3,0,0.8509803921568627,0.0,0.0
,,48.96356117757064,0.8156456456456457,1.7223234062196007,0,0.3,0,0.8509803921568627,0.0,0.0
,,49.057903299300065,0.8172172172172173,1.8433420937527305,0,0.3,0,0.8509803921568627,0.0,0.0
,,49.15224542102949,0.8187887887887888,1.9717078583886047,0,0.3,0,0.8509803921568627,0.0,0.0
,,49.24658754275891,0.8203603603603604,2.1014004921930862,0,0.3,0,0.8509803921568627,0.0,0.0
,,49.340929664488336,0.8219319319319319,2.226337558581645,0,0.3,0,0.8509803921568627,0.0,0.0
,,49.43527178621776,0.8235035035035035,2.340659651656814,0,0.3,0,0.8509803921568627,0.0,0.0
,,49.52961390794718,0.8250750750750752,2.4390051956609957,0,0.3,0,0.8509803921568627,0.0,0.0
,,49.623956029676606,0.8266466466466467,2.516761896763528,0,0.3,0,0.8509803921568627,0.0,0.0
,,49.71829815140603,0.8282182182182183,2.5702830543800625,0,0.3,0,0.8509803921568627,0.0,0.0
,,49.81264027313545,0.8297897897897898,2.597058587270158,0,0.3,0,0.8509803921568627,0.0,0.0
,,49.906982394864876,0.8313613613613614,2.5958327534842223,0,0.3,0,0.8509803921568627,0.0,0.0
,,50.001324516594295,0.832932932932933,2.5666630432285054,0,0.3,0,0.8509803921568627,0.0,0.0
,,50.09566663832372,0.8345045045045045,2.5109174826399965,0,0.3,0,0.8509803921568627,0.0,0.0
,,50.190008760053146,0.8360760760760761,2.4312104749211327,0,0.3,0,0.8509803921568627,0.0,0.0
,,50.284350881782565,0.8376476476476477,2.3312801878118563,0,0.3,0,0.8509803921568627,0.0,0.0
,,50.37869300351199,0.8392192192192193,2.2158132377867403,0,0.3,0,0.8509803921568627,0.0,0.0
,,50.47303512524142,0.8407907907907909,2.0902248930883767,0,0.3,0,0.8509803921568627,0.0,0.0
,,50.567377246970835,0.8423623623623624,1.960405103824046,0,0.3,0,0.8509803921568627,0.0,0.0
,,50.66171936870026,0.843933933933934,1.8324422700243144,0,0.3,0,0.8509803921568627,0.0,0.0
,,50.75606149042969,0.8455055055055055,1.7123377026267284,0,0.3,0,0.8509803921568627,0.0,0.0
,,50.850403612159106,0.8470770770770771,1.6057241688385016,0,0.3,0,0.8509803921568627,0.0,0.0
,,50.94474573388853,0.8486486486486488,1.517601721779844,0,0.3,0,0.8509803921568627,0.0,0.0
,,51.03908785561795,0.8502202202202203,1.4521032036962207,0,0.3,0,0.8509803921568627,0.0,0.0
,,51.133429977347376,0.8517917917917919,1.4123004203713343,0,0.3,0,0.8509803921568627,0.0,0.0
,,51.2277720990768,0.8533633633633634,1.4000600769399505,0,0.3,0,0.8509803921568627,0.0,0.0
,,51.32211422080622,0.854934934934935,1.415956231546394,0,0.3,0,0.8509803921568627,0.0,0.0
,,51.416456342535646,0.8565065065065065,1.4592433726724274,0,0.3,0,0.8509803921568627,0.0,0.0
,,51.51079846426507,0.8580780780780781,1.5278913827770357,0,0.3,0,0.8509803921568627,0.0,0.0
,,51.60514058599449,0.8596496496496497,1.618680748493354,0,0.3,0,0.8509803921568627,0.0,0.0
,,51.69948270772392,0.8612212212212212,1.7273535521330605,0,0.3,0,0.8509803921568627,0.0,0.0
,,51.793824829453335,0.8627927927927929,1.848813163168899,0,0.3,0,0.8509803921568627,0.0,0.0
,,51.88816695118276,0.8643643643643644,1.9773632643927483,0,0.3,0,0.8509803921568627,0.0,0.0
,,51.98250907291219,0.865935935935936,2.10697500269477,0,0.3,0,0.8509803921568627,0.0,0.0
,,52.076851194641606,0.8675075075075076,2.2315697353971795,0,0.3,0,0.8509803921568627,0.0,0.0
,,52.17119331637103,0.8690790790790791,2.3453041116619158,0,0.3,0,0.8509803921568627,0.0,0.0
,,52.26553543810046,0.8706506506506507,2.4428441189793917,0,0.3,0,0.8509803921568627,0.0,0.0
,,52.359877559829876,0.8722222222222222,2.519615242270653,0,0.3,0,0.8509803921568627,0.0,0.0
,,52.4542196815593,0.8737937937937938,2.572017003426453,0,0.3,0,0.8509803921568627,0.0,0.0
,,52.54856180328873,0.8753653653653655,2.597591819623461,0,0.3,0,0.8509803921568627,0.0,0.0
,,52.642903925018146,0.876936936936937,2.595140261155329,0,0.3,0,0.8509803921568627,0.0,0.0
,,52.73724604674757,0.8785085085085086,2.5647773033177073,0,0.3,0,0.8509803921568627,0.0,0.0
,,52.83158816847699,0.8800800800800801,2.507926934198047,0,0.3,0,0.8509803921568627,0.0,0.0
,,52.925930290206416,0.8816516516516517,2.4272553712586316,0,0.3,0,0.8509803921568627,0.0,0.0
,,53.02027241193584,0.8832232232232232,2.3265460187789624,0,0.3,0,0.8509803921568627,0.0,0.0
,,53.11461453366526,0.8847947947947948,2.210522030510818,0,0.3,0,0.8509803921568627,0.0,0.0
,,53.20895665539469,0.8863663663663665,2.0846247991549673,0,0.3,0,0.8509803921568627,0.0,0.0
,,53.30329877712411,0.887937937937938,1.9547587612505781,0,0.3,0,0.8509803921568627,0.0,0.0
,,53.39764089885353,0.8895095095095096,1.8270144858366884,0,0.3,0,0.8509803921568627,0.0,0.0
,,53.49198302058296,0.8910810810810811,1.7073830337118343,0,0.3,0,0.8509803921568627,0.0,0.0
,,53.58632514231238,0.8926526526526527,1.6014749835166404,0,0.3,0,0.8509803921568627,0.0,0.0
,,53.6806672640418,0.8942242242242243,1.5142573019955674,0,0.3,0,0.8509803921568627,0.0,0.0
,,53.77500938577123,0.8957957957957958,1.4498203989223994,0,0.3,0,0.8509803921568627,0.0,0.0
,,53.869351507500646,0.8973673673673674,1.4111862915478683,0,0.3,0,0.8509803921568627,0.0,0.0
,,53.96369362923007,0.898938938938939,1.4001668754377663,0,0.3,0,0.8509803921568627,0.0,0.0
,,54.0580357509595,0.9005105105105106,1.4172789486377697,0,0.3,0,0.8509803921568627,0.0,0.0
,,54.152377872688916,0.9020820820820822,1.4617199744346014,0,0.3,0,0.8509803921568627,0.0,0.0
,,54.24671999441834,0.9036536536536537,1.5314057194124384,0,0.3,0,0.8509803921568627,0.0,0.0
,,54.34106211614777,0.9052252252252253,1.6230680016226051,0,0.3,0,0.8509803921568627,0.0,0.0
,,54.43540423787719,0.9067967967967968,1.7324079645889328,0,0.3,0,0.8509803921568627,0.0,0.0
,,54.52974635960661,0.9083683683683684,1.8542976887728293,0,0.3,0,0.8509803921568627,0.0,0.0
,,54.62408848133604,0.90993993993994,1.9830206851501155,0,0.3,0,0.8509803921568627,0.0,0.0
,,54.71843060306546,0.9115115115115116,2.1125399920254857,0,0.3,0,0.8509803921568627,0.0,0.0
,,54.81277272479488,0.9130830830830832,2.236781301649646,0,0.3,0,0.8509803921568627,0.0,0.0
,,54.9071148465243,0.9146546546546547,2.349917838323745,0,0.3,0,0.8509803921568627,0.0,0.0
,,55.00145696825373,0.9162262262262263,2.446643627533039,0,0.3,0,0.8509803921568627,0.0,0.0
,,55.09579908998315,0.9177977977977978,2.5224223400990704,0,0.3,0,0.8509803921568627,0.0,0.0
,,55.19014121171257,0.9193693693693694,2.5737000408435433,0,0.3,0,0.8509803921568627,0.0,0.0
,,55.284483333442,0.920940940940941,2.598071864094219,0,0.3,0,0.8509803921568627,0.0,0.0
,,55.37882545517142,0.9225125125125125,2.5943947991416607,0,0.3,0,0.8509803921568627,0.0,0.0
,,55.47316757690084,0.9240840840840842,2.5628412961377087,0,0.3,0,0.8509803921568627,0.0,0.0
,,55.56750969863027,0.9256556556556557,2.504891178380041,0,0.3,0,0.8509803921568627,0.0,0.0
,,55.66185182035969,0.9272272272272273,2.423262240287583,0,0.3,0,0.8509803921568627,0.0,0.0
,,55.75619394208911,0.9287987987987989,2.321782785942445,0,0.3,0,0.8509803921568627,0.0,0.0
,,55.85053606381854,0.9303703703703704,2.205212085995422,0,0.3,0,0.8509803921568627,0.0,0.0
,,55.94487818554796,0.931941941941942,2.0790171733013993,0,0.3,0,0.8509803921568627,0.0,0.0
,,56.03922030727738,0.9335135135135135,1.949116445314723,0,0.3,0,0.8509803921568627,0.0,0.0
,,56.13356242900681,0.9350850850850851,1.8216020979997105,0,0.3,0,0.8509803921568627,0.0,0.0
,,56.22790455073623,0.9366566566566568,1.7024544087893818,0,0.3,0,0.8509803921568627,0.0,0.0
,,56.32224667246565,0.9382282282282283,1.597261268395474,0,0.3,0,0.8509803921568627,0.0,0.0
,,56.41658879419508,0.9397997997997999,1.510956115108257,0,0.3,0,0.8509803921568627,0.0,0.0
,,56.5109309159245,0.9413713713713714,1.447586562168293,0,0.3,0,0.8509803921568627,0.0,0.0
,,56.60527303765392,0.942942942942943,1.41012456932258,0,0.3,0,0.8509803921568627,0.0,0.0
,,56.69961515938334,0.9445145145145145,1.400327061302558,0,0.3,0,0.8509803921568627,0.0,0.0
,,56.79395728111277,0.9460860860860861,1.4186535300583052,0,0.3,0,0.8509803921568627,0.0,0.0
,,56.88829940284219,0.9476576576576577,1.4642444851102483,0,0.3,0,0.8509803921568627,0.0,0.0
,,56.98264152457161,0.9492292292292293,1.534961762672222,0,0.3,0,0.8509803921568627,0.0,0.0
,,57.07698364630104,0.9508008008008009,1.6274888030940435,0,0.3,0,0.8509803921568627,0.0,0.0
,,57.171325768030464,0.9523723723723724,1.7374861937258426,0,0.3,0,0.8509803921568627,0.0,0.0
,,57.26566788975988,0.953943943943944,1.8597951824214294,0,0.3,0,0.8509803921568627,0.0,0.0
,,57.36001001148931,0.9555155155155156,1.9886796171292966,0,0.3,0,0.8509803921568627,0.0,0.0
,,57.454352133218734,0.9570870870870871,2.118094964880614,0,0.3,0,0.8509803921568627,0.0,0.0
,,57.54869425494815,0.9586586586586587,2.241971793490362,0,0.3,0,0.8509803921568627,0.0,0.0
,,57.64303637667758,0.9602302302302302,2.354500421003562,0,0.3,0,0.8509803921568627,0.0,0.0
,,57.737378498407,0.9618018018018019,2.450403383151622,0,0.3,0,0.8509803921568627,0.0,0.0
,,57.83172062013642,0.9633733733733735,2.525182940406677,0,0.3,0,0.8509803921568627,0.0,0.0
,,57.92606274186585,0.964944944944945,2.575332016834783,0,0.3,0,0.8509803921568627,0.0,0.0
,,58.02040486359527,0.9665165165165166,2.5984986779566976,0,0.3,0,0.8509803921568627,0.0,0.0
,,58.11474698532469,0.9680880880880881,2.593596433792098,0,0.3,0,0.8509803921568627,0.0,0.0
,,58.20908910705412,0.9696596596596597,2.560855194000297,0,0.3,0,0.8509803921568627,0.0,0.0
,,58.30343122878354,0.9712312312312313,2.5018104853794774,0,0.3,0,0.8509803921568627,0.0,0.0
,,58.39777335051296,0.9728028028028028,2.419231437411438,0,0.3,0,0.8509803921568627,0.0,0.0
,,58.49211547224239,0.9743743743743745,2.3169909132476403,0,0.3,0,0.8509803921568627,0.0,0.0
,,58.58645759397181,0.975945945945946,2.1998838768452478,0,0.3,0,0.8509803921568627,0.0,0.0
,,58.680799715701234,0.9775175175175176,2.073402514627092,0,0.3,0,0.8509803921568627,0.0,0.0
,,58.77514183743065,0.9790890890890891,1.943478658203445,0,0.3,0,0.8509803921568627,0.0,0.0
,,58.86948395916008,0.9806606606606607,1.816205588235953,0,0.3,0,0.8509803921568627,0.0,0.0
,,58.963826080889504,0.9822322322322323,1.697552266525214,0,0.3,0,0.8509803921568627,0.0,0.0
,,59.05816820261892,0.9838038038038038,1.5930833985112227,0,0.3,0,0.8509803921568627,0.0,0.0
,,59.15251032434835,0.9853753753753755,1.507698454935757,0,0.3,0,0.8509803921568627,0.0,0.0
,,59.246852446077774,0.986946946946947,1.4454018922536227,0,0.3,0,0.8509803921568627,0.0,0.0
,,59.34119456780719,0.9885185185185186,1.4091153481926793,0,0.3,0,0.8509803921568627,0.0,0.0
,,59.43553668953662,0.9900900900900902,1.40054062027719,0,0.3,0,0.8509803921568627,0.0,0.0
,,59.529878811266045,0.9916616616616617,1.420079853465172,0,0.3,0,0.8509803921568627,0.0,0.0
,,59.62422093299546,0.9932332332332333,1.4668166800085791,0,0.3,0,0.8509803921568627,0.0,0.0
,,59.71856305472489,0.9948048048048048,1.5385591960553975,0,0.3,0,0.8509803921568627,0.0,0.0
,,59.81290517645431,0.9963763763763764,1.6319427594399851,0,0.3,0,0.8509803921568627,0.0,0.0
,,59.907247298183734,0.997947947947948,1.7425877875625808,0,0.3,0,0.8509803921568627,0.0,0.0
,,60.00158941991316,0.9995195195195196,1.8653051548174446,0,0.3,0,0.8509803921568627,0.0,0.0
,,60.09593154164258,1.001091091091091,1.9943395566644295,0,0.3,0,0.8509803921568627,0.0,0.0
,,60.190273663372004,1.0026626626626627,2.123639426846997,0,0.3,0,0.8509803921568627,0.0,0.0
,,60.28461578510143,1.0042342342342343,2.2471407489463755,0,0.3,0,0.8509803921568627,0.0,0.0
,,60.37895790683085,1.005805805805806,2.359051451834536,0,0.3,0,0.8509803921568627,0.0,0.0
,,60.473300028560274,1.0073773773773775,2.4541230512029766,0,0.3,0,0.8509803921568627,0.0,0.0
,,60.5676421502897,1.008948948948949,2.5278967974898507,0,0.3,0,0.8509803921568627,0.0,0.0
,,60.66198427201912,1.0105205205205205,2.57691278614827,0,0.3,0,0.8509803921568627,0.0,0.0
,,60.756326393748544,1.0120920920920922,2.5988722232228865,0,0.3,0,0.8509803921568627,0.0,0.0
,,60.85066851547796,1.0136636636636638,2.5927452361641103,0,0.3,0,0.8509803921568627,0.0,0.0
,,60.94501063720739,1.0152352352352354,2.5588191736759227,0,0.3,0,0.8509803921568627,0.0,0.0
,,61.039352758936815,1.0168068068068068,2.4986851293894237,0,0.3,0,0.8509803921568627,0.0,0.0
,,61.13369488066623,1.0183783783783784,2.41516332138654,0,0.3,0,0.8509803921568627,0.0,0.0
,,61.22803700239566,1.01994994994995,2.312170827188965,0,0.3,0,0.8509803921568627,0.0,0.0
,,61.322379124125085,1.0215215215215216,2.194537877290645,0,0.3,0,0.8509803921568627,0.0,0.0
,,61.416721245854504,1.023093093093093,2.0677813228574706,0,0.3,0,0.8509803921568627,0.0,0.0
,,61.51106336758393,1.0246646646646647,1.9378459017006695,0,0.3,0,0.8509803921568627,0.0,0.0
,,61.605405489313355,1.0262362362362363,1.810825436854714,0,0.3,0,0.8509803921568627,0.0,0.0
,,61.699747611042774,1.027807807807808,1.6926770432281484,0,0.3,0,0.8509803921568627,0.0,0.0
,,61.7940897327722,1.0293793793793795,1.588941745709748,0,0.3,0,0.8509803921568627,0.0,0.0
,,61.88843185450162,1.030950950950951,1.5044846114218888,0,0.3,0,0.8509803921568627,0.0,0.0
,,61.982773976231044,1.0325225225225225,1.4432665836221052,0,0.3,0,0.8509803921568627,0.0,0.0
,,62.07711609796047,1.0340940940940941,1.4081587179825739,0,0.3,0,0.8509803921568627,0.0,0.0
,,62.17145821968989,1.0356656656656658,1.4008075333541252,0,0.3,0,0.8509803921568627,0.0,0.0
,,62.265800341419315,1.0372372372372374,1.4215577919103037,0,0.3,0,0.8509803921568627,0.0,0.0
,,62.36014246314874,1.0388088088088088,1.4694363301947215,0,0.3,0,0.8509803921568627,0.0,0.0
,,62.45448458487816,1.0403803803803804,1.5421976993770652,0,0.3,0,0.8509803921568627,0.0,0.0
,,62.548826706607585,1.041951951951952,1.6364294742418592,0,0.3,0,0.8509803921568627,0.0,0.0
,,62.643168828337004,1.0435235235235236,1.7477122920384396,0,0.3,0,0.8509803921568627,0.0,0.0
,,62.73751095006643,1.0450950950950952,1.8708271155529248,0,0.3,0,0.8509803921568627,0.0,0.0
,,62.831853071795855,1.0466666666666666,1.9999999999999754,0,0.3,0,0.8509803921568627,0.0,0.0
,,62.926195193525274,1.0482382382382383,2.129172884447027,0,0.3,0,0.8509803921568627,0.0,0.0
,,63.0205373152547,1.0498098098098099,2.2522877079615156,0,0.3,0,0.8509803921568627,0.0,0.0
,,63.114879436984126,1.0513813813813815,2.363570525758115,0,0.3,0,0.8509803921568627,0.0,0.0
,,63.209221558713544,1.052952952952953,2.457802300622903,0,0.3,0,0.8509803921568627,0.0,0.0
,,63.30356368044297,1.0545245245245245,2.5305636698052556,0,0.3,0,0.8509803921568627,0.0,0.0
,,63.397905802172396,1.0560960960960961,2.5784422080896876,0,0.3,0,0.8509803921568627,0.0,0.0
,,63.492247923901814,1.0576676676676677,2.5991924666458726,0,0.3,0,0.8509803921568627,0.0,0.0
,,63.58659004563124,1.0592392392392393,2.5918412820174312,0,0.3,0,0.8509803921568627,0.0,0.0
,,63.68093216736066,1.060810810810811,2.556733416377913,0,0.3,0,0.8509803921568627,0.0,0.0
,,63.775274289090085,1.0623823823823824,2.4955153885781387,0,0.3,0,0.8509803921568627,0.0,0.0
,,63.86961641081951,1.063953953953954,2.4110582542902876,0,0.3,0,0.8509803921568627,0.0,0.0
,,63.96395853254893,1.0655255255255256,2.3073229567718943,0,0.3,0,0.8509803921568627,0.0,0.0
,,64.05830065427836,1.0670970970970972,2.1891745631453166,0,0.3,0,0.8509803921568627,0.0,0.0
,,64.15264277600778,1.0686686686686688,2.062154098299363,0,0.3,0,0.8509803921568627,0.0,0.0
,,64.2469848977372,1.0702402402402402,1.9322186771425787,0,0.3,0,0.8509803921568627,0.0,0.0
,,64.34132701946662,1.0718118118118118,1.8054621227094019,0,0.3,0,0.8509803921568627,0.0,0.0
,,64.43566914119604,1.0733833833833835,1.6878291728110775,0,0.3,0,0.8509803921568627,0.0,0.0
,,64.53001126292547,1.074954954954955,1.5848366786134955,0,0.3,0,0.8509803921568627,0.0,0.0
,,64.6243533846549,1.0765265265265267,1.501314870610594,0,0.3,0,0.8509803921568627,0.0,0.0
,,64.71869550638432,1.078098098098098,1.4411808263240955,0,0.3,0,0.8509803921568627,0.0,0.0
,,64.81303762811375,1.0796696696696697,1.4072547638358945,0,0.3,0,0.8509803921568627,0.0,0.0
,,64.90737974984316,1.0812412412412413,1.4011277767771104,0,0.3,0,0.8509803921568627,0.0,0.0
,,65.00172187157258,1.082812812812813,1.423087213851716,0,0.3,0,0.8509803921568627,0.0,0.0
,,65.09606399330201,1.0843843843843843,1.472103202510134,0,0.3,0,0.8509803921568627,0.0,0.0
,,65.19040611503144,1.085955955955956,1.5458769487969912,0,0.3,0,0.8509803921568627,0.0,0.0
,,65.28474823676086,1.0875275275275276,1.6409485481654245,0,0.3,0,0.8509803921568627,0.0,0.0
,,65.37909035849027,1.0890990990990992,1.7528592510535792,0,0.3,0,0.8509803921568627,0.0,0.0
,,65.4734324802197,1.0906706706706708,1.8763605731529542,0,0.3,0,0.8509803921568627,0.0,0.0
,,65.56777460194913,1.0922422422422422,2.005660443335521,0,0.3,0,0.8509803921568627,0.0,0.0
,,65.66211672367855,1.0938138138138138,2.1346948451825236,0,0.3,0,0.8509803921568627,0.0,0.0
,,65.75645884540798,1.0953853853853854,2.2574122124373748,0,0.3,0,0.8509803921568627,0.0,0.0
,,65.8508009671374,1.096956956956957,2.3680572405599896,0,0.3,0,0.8509803921568627,0.0,0.0
,,65.94514308886681,1.0985285285285287,2.461440803944571,0,0.3,0,0.8509803921568627,0.0,0.0
,,66.03948521059624,1.1001001001001,2.533183319991398,0,0.3,0,0.8509803921568627,0.0,0.0
,,66.13382733232567,1.1016716716716717,2.57992014653482,0,0.3,0,0.8509803921568627,0.0,0.0
,,66.22816945405509,1.1032432432432433,2.599459379722808,0,0.3,0,0.8509803921568627,0.0,0.0
,,66.32251157578452,1.104814814814815,2.5908846518073263,0,0.3,0,0.8509803921568627,0.0,0.0
,,66.41685369751393,1.1063863863863865,2.554598107746396,0,0.3,0,0.8509803921568627,0.0,0.0
,,66.51119581924335,1.107957957957958,2.492301545064271,0,0.3,0,0.8509803921568627,0.0,0.0
,,66.60553794097278,1.1095295295295295,2.4069166014888137,0,0.3,0,0.8509803921568627,0.0,0.0
,,66.6998800627022,1.1111011011011012,2.3024477334748137,0,0.3,0,0.8509803921568627,0.0,0.0
,,66.79422218443163,1.1126726726726728,2.183794411764094,0,0.3,0,0.8509803921568627,0.0,0.0
,,66.88856430616106,1.1142442442442444,2.056521341796587,0,0.3,0,0.8509803921568627,0.0,0.0
,,66.98290642789047,1.1158158158158158,1.9265974853729573,0,0.3,0,0.8509803921568627,0.0,0.0
,,67.0772485496199,1.1173873873873874,1.8001161231547986,0,0.3,0,0.8509803921568627,0.0,0.0
,,67.17159067134932,1.118958958958959,1.6830090867523873,0,0.3,0,0.8509803921568627,0.0,0.0
,,67.26593279307875,1.1205305305305306,1.580768562588597,0,0.3,0,0.8509803921568627,0.0,0.0
,,67.36027491480817,1.1221021021021023,1.4981895146205404,0,0.3,0,0.8509803921568627,0.0,0.0
,,67.45461703653758,1.1236736736736737,1.4391448059997205,0,0.3,0,0.8509803921568627,0.0,0.0
,,67.54895915826701,1.1252452452452453,1.4064035662079089,0,0.3,0,0.8509803921568627,0.0,0.0
,,67.64330127999644,1.126816816816817,1.4015013220432988,0,0.3,0,0.8509803921568627,0.0,0.0
,,67.73764340172586,1.1283883883883885,1.4246679831652034,0,0.3,0,0.8509803921568627,0.0,0.0
,,67.83198552345529,1.1299599599599601,1.4748170595933074,0,0.3,0,0.8509803921568627,0.0,0.0
,,67.92632764518471,1.1315315315315315,1.5495966168483566,0,0.3,0,0.8509803921568627,0.0,0.0
,,68.02066976691412,1.1331031031031031,1.645499578996398,0,0.3,0,0.8509803921568627,0.0,0.0
,,68.11501188864355,1.1346746746746748,1.7580282065095931,0,0.3,0,0.8509803921568627,0.0,0.0
,,68.20935401037298,1.1362462462462464,1.881905035119354,0,0.3,0,0.8509803921568627,0.0,0.0
,,68.3036961321024,1.137817817817818,2.011320382870654,0,0.3,0,0.8509803921568627,0.0,0.0
,,68.39803825383183,1.1393893893893894,2.1402048175785393,0,0.3,0,0.8509803921568627,0.0,0.0
,,68.49238037556124,1.140960960960961,2.262513806274113,0,0.3,0,0.8509803921568627,0.0,0.0
,,68.58672249729067,1.1425325325325326,2.3725111969059176,0,0.3,0,0.8509803921568627,0.0,0.0
,,68.68106461902009,1.1441041041041042,2.4650382373277466,0,0.3,0,0.8509803921568627,0.0,0.0
,,68.77540674074952,1.1456756756756756,2.5357555148897295,0,0.3,0,0.8509803921568627,0.0,0.0
,,68.86974886247894,1.1472472472472472,2.581346469941687,0,0.3,0,0.8509803921568627,0.0,0.0
,,68.96409098420837,1.1488188188188189,2.599672938697441,0,0.3,0,0.8509803921568627,0.0,0.0
,,69.05843310593778,1.1503903903903905,2.589875430677429,0,0.3,0,0.8509803921568627,0.0,0.0
,,69.1527752276672,1.151961961961962,2.5524134378317265,0,0.3,0,0.8509803921568627,0.0,0.0
,,69.24711734939663,1.1535335335335335,2.489043884891772,0,0.3,0,0.8509803921568627,0.0,0.0
,,69.34145947112606,1.1551051051051051,2.4027387316045625,0,0.3,0,0.8509803921568627,0.0,0.0
,,69.43580159285548,1.1566766766766767,2.297545591210646,0,0.3,0,0.8509803921568627,0.0,0.0
,,69.5301437145849,1.1582482482482483,2.1783979020003366,0,0.3,0,0.8509803921568627,0.0,0.0
,,69.62448583631432,1.15981981981982,2.0508835546853263,0,0.3,0,0.8509803921568627,0.0,0.0
,,69.71882795804375,1.1613913913913914,1.9209828266986497,0,0.3,0,0.8509803921568627,0.0,0.0
,,69.81317007977317,1.162962962962963,1.7947879140046246,0,0.3,0,0.8509803921568627,0.0,0.0
,,69.9075122015026,1.1645345345345346,1.678217214057582,0,0.3,0,0.8509803921568627,0.0,0.0
,,70.00185432323201,1.1661061061061062,1.5767377597124521,0,0.3,0,0.8509803921568627,0.0,0.0
,,70.09619644496144,1.1676776776776778,1.49510882161999,0,0.3,0,0.8509803921568627,0.0,0.0
,,70.19053856669086,1.1692492492492492,1.4371587038623086,0,0.3,0,0.8509803921568627,0.0,0.0
,,70.28488068842029,1.1708208208208208,1.4056052008583446,0,0.3,0,0.8509803921568627,0.0,0.0
,,70.37922281014971,1.1723923923923925,1.4019281359057785,0,0.3,0,0.8509803921568627,0.0,0.0
,,70.47356493187914,1.173963963963964,1.4262999591564447,0,0.3,0,0.8509803921568627,0.0,0.0
,,70.56790705360855,1.1755355355355357,1.4775776599009056,0,0.3,0,0.8509803921568627,0.0,0.0
,,70.66224917533798,1.177107107107107,1.5533563724669335,0,0.3,0,0.8509803921568627,0.0,0.0
,,70.7565912970674,1.1786786786786787,1.650082161676215,0,0.3,0,0.8509803921568627,0.0,0.0
,,70.85093341879683,1.1802502502502503,1.7632186983503086,0,0.3,0,0.8509803921568627,0.0,0.0
,,70.94527554052625,1.181821821821822,1.8874600079744825,0,0.3,0,0.8509803921568627,0.0,0.0
,,71.03961766225567,1.1833933933933936,2.016979314849835,0,0.3,0,0.8509803921568627,0.0,0.0
,,71.13395978398509,1.184964964964965,2.1457023112271143,0,0.3,0,0.8509803921568627,0.0,0.0
,,71.22830190571452,1.1865365365365366,2.267592035411023,0,0.3,0,0.8509803921568627,0.0,0.0
,,71.32264402744394,1.1881081081081082,2.3769319983773634,0,0.3,0,0.8509803921568627,0.0,0.0
,,71.41698614917337,1.1896796796796798,2.468594280587541,0,0.3,0,0.8509803921568627,0.0,0.0
,,71.5113282709028,1.1912512512512514,2.5382800255653803,0,0.3,0,0.8509803921568627,0.0,0.0
,,71.6056703926322,1.1928228228228228,2.5827210513622165,0,0.3,0,0.8509803921568627,0.0,0.0
,,71.70001251436163,1.1943943943943944,2.599833124562233,0,0.3,0,0.8509803921568627,0.0,0.0
,,71.79435463609106,1.195965965965966,2.588813708452141,0,0.3,0,0.8509803921568627,0.0,0.0
,,71.88869675782048,1.1975375375375377,2.5501796010776134,0,0.3,0,0.8509803921568627,0.0,0.0
,,71.98303887954991,1.1991091091091093,2.4857426980044566,0,0.3,0,0.8509803921568627,0.0,0.0
,,72.07738100127932,1.2006806806806807,2.3985250164833967,0,0.3,0,0.8509803921568627,0.0,0.0
,,72.17172312300875,1.2022522522522523,2.292616966288201,0,0.3,0,0.8509803921568627,0.0,0.0
,,72.26606524473817,1.203823823823824,2.1729855141633587,0,0.3,0,0.8509803921568627,0.0,0.0
,,72.3604073664676,1.2053953953953955,2.045241238749471,0,0.3,0,0.8509803921568627,0.0,0.0
,,72.45474948819702,1.206966966966967,1.9153752008450646,0,0.3,0,0.8509803921568627,0.0,0.0
,,72.54909160992645,1.2085385385385385,1.7894779694892202,0,0.3,0,0.8509803921568627,0.0,0.0
,,72.64343373165586,1.2101101101101102,1.6734539812210862,0,0.3,0,0.8509803921568627,0.0,0.0
,,72.73777585338529,1.2116816816816818,1.572744628741403,0,0.3,0,0.8509803921568627,0.0,0.0
,,72.83211797511471,1.2132532532532534,1.4920730658019794,0,0.3,0,0.8509803921568627,0.0,0.0
,,72.92646009684414,1.2148248248248248,1.4352226966823034,0,0.3,0,0.8509803921568627,0.0,0.0
,,73.02080221857356,1.2163963963963964,1.4048597388446762,0,0.3,0,0.8509803921568627,0.0,0.0
,,73.11514434030298,1.217967967967968,1.402408180376534,0,0.3,0,0.8509803921568627,0.0,0.0
,,73.2094864620324,1.2195395395395396,1.4279829965735347,0,0.3,0,0.8509803921568627,0.0,0.0
,,73.30382858376183,1.2211111111111113,1.4803847577293223,0,0.3,0,0.8509803921568627,0.0,0.0
,,73.39817070549125,1.2226826826826827,1.557155881020575,0,0.3,0,0.8509803921568627,0.0,0.0
,,73.49251282722068,1.2242542542542543,1.654695888338051,0,0.3,0,0.8509803921568627,0.0,0.0
,,73.5868549489501,1.2258258258258259,1.768430264602783,0,0.3,0,0.8509803921568627,0.0,0.0
,,73.68119707067952,1.2273973973973975,1.8930249973051732,0,0.3,0,0.8509803921568627,0.0,0.0
,,73.77553919240894,1.2289689689689691,2.022636735607202,0,0.3,0,0.8509803921568627,0.0,0.0
,,73.86988131413837,1.2305405405405405,2.151186836831045,0,0.3,0,0.8509803921568627,0.0,0.0
,,73.9642234358678,1.2321121121121121,2.2726464478669106,0,0.3,0,0.8509803921568627,0.0,0.0
,,74.05856555759722,1.2336836836836838,2.381319251506614,0,0.3,0,0.8509803921568627,0.0,0.0
,,74.15290767932663,1.2352552552552554,2.4721086172229287,0,0.3,0,0.8509803921568627,0.0,0.0
,,74.24724980105606,1.236826826826827,2.5407566273275553,0,0.3,0,0.8509803921568627,0.0,0.0
,,74.34159192278548,1.2383983983983984,2.5840437684535944,0,0.3,0,0.8509803921568627,0.0,0.0
,,74.43593404451491,1.23996996996997,2.599939923060049,0,0.3,0,0.8509803921568627,0.0,0.0
,,74.53027616624433,1.2415415415415416,2.5876995796286737,0,0.3,0,0.8509803921568627,0.0,0.0
,,74.62461828797376,1.2431131131131132,2.5478967963037995,0,0.3,0,0.8509803921568627,0.0,0.0
,,74.71896040970317,1.2446846846846848,2.48239827822018,0,0.3,0,0.8509803921568627,0.0,0.0
,,74.8133025314326,1.2462562562562562,2.3942758311615355,0,0.3,0,0.8509803921568627,0.0,0.0
,,74.90764465316202,1.2478278278278279,2.287662297373315,0,0.3,0,0.8509803921568627,0.0,0.0
,,75.00198677489145,1.2493993993993995,2.1675577299757167,0,0.3,0,0.8509803921568627,0.0,0.0
,,75.09632889662088,1.250970970970971,2.039594896175995,0,0.3,0,0.8509803921568627,0.0,0.0
,,75.19067101835029,1.2525425425425427,1.9097751069116804,0,0.3,0,0.8509803921568627,0.0,0.0
,,75.28501314007971,1.254114114114114,1.7841867622133059,0,0.3,0,0.8509803921568627,0.0,0.0
,,75.37935526180914,1.2556856856856857,1.668719812188185,0,0.3,0,0.8509803921568627,0.0,0.0
,,75.47369738353856,1.2572572572572573,1.56878952507889,0,0.3,0,0.8509803921568627,0.0,0.0
,,75.56803950526799,1.258828828828829,1.4890825173600248,0,0.3,0,0.8509803921568627,0.0,0.0
,,75.66238162699742,1.2604004004004006,1.433336956771511,0,0.3,0,0.8509803921568627,0.0,0.0
,,75.75672374872683,1.261971971971972,1.4041672465157826,0,0.3,0,0.8509803921568627,0.0,0.0
,,75.85106587045625,1.2635435435435436,1.4029414127298372,0,0.3,0,0.8509803921568627,0.0,0.0
,,75.94540799218568,1.2651151151151152,1.4297169456199224,0,0.3,0,0.8509803921568627,0.0,0.0
,,76.0397501139151,1.2666866866866868,1.4832381032364508,0,0.3,0,0.8509803921568627,0.0,0.0
,,76.13409223564453,1.2682582582582584,1.5609948043389763,0,0.3,0,0.8509803921568627,0.0,0.0
,,76.22843435737394,1.2698298298298298,1.6593403483431526,0,0.3,0,0.8509803921568627,0.0,0.0
,,76.32277647910337,1.2714014014014015,1.7736624414183095,0,0.3,0,0.8509803921568627,0.0,0.0
,,76.4171186008328,1.272972972972973,1.898599507806857,0,0.3,0,0.8509803921568627,0.0,0.0
,,76.51146072256222,1.2745445445445447,2.028292141611363,0,0.3,0,0.8509803921568627,0.0,0.0
,,76.60580284429165,1.276116116116116,2.15665790624723,0,0.3,0,0.8509803921568627,0.0,0.0
,,76.70014496602107,1.2776876876876877,2.2776765937803707,0,0.3,0,0.8509803921568627,0.0,0.0
,,76.79448708775048,1.2792592592592593,2.3856725658119005,0,0.3,0,0.8509803921568627,0.0,0.0
,,76.88882920947991,1.280830830830831,2.4755809344449906,0,0.3,0,0.8509803921568627,0.0,0.0
,,76.98317133120933,1.2824024024024026,2.5431850997495498,0,0.3,0,0.8509803921568627,0.0,0.0
,,77.07751345293876,1.283973973973974,2.5853145034890983,0,0.3,0,0.8509803921568627,0.0,0.0
,,77.17185557466819,1.2855455455455456,2.5999933246854283,0,0.3,0,0.8509803921568627,0.0,0.0
,,77.2661976963976,1.2871171171171172,2.586533143368618,0,0.3,0,0.8509803921568627,0.0,0.0
,,77.36053981812702,1.2886886886886888,2.5455652266883466,0,0.3,0,0.8509803921568627,0.0,0.0
,,77.45488193985645,1.2902602602602604,2.4790109232046653,0,0.3,0,0.8509803921568627,0.0,0.0
,,77.54922406158587,1.2918318318318318,2.3899915538322047,0,0.3,0,0.8509803921568627,0.0,0.0
,,77.6435661833153,1.2934034034034034,2.2826820254498332,0,0.3,0,0.8509803921568627,0.0,0.0
,,77.73790830504473,1.294974974974975,2.1621150325302807,0,0.3,0,0.8509803921568627,0.0,0.0
,,77.83225042677414,1.2965465465465467,2.033945029510307,0,0.3,0,0.8509803921568627,0.0,0.0
,,77.92659254850356,1.2981181181181183,1.904183043327505,0,0.3,0,0.8509803921568627,0.0,0.0
,,78.02093467023299,1.2996896896896897,1.77891476311387,0,0.3,0,0.8509803921568627,0.0,0.0
,,78.11527679196242,1.3012612612612613,1.6640151283174633,0,0.3,0,0.8509803921568627,0.0,0.0
,,78.20961891369184,1.302832832832833,1.5648728007437809,0,0.3,0,0.8509803921568627,0.0,0.0
,,78.30396103542125,1.3044044044044045,1.4861374424640086,0,0.3,0,0.8509803921568627,0.0,0.0
,,78.39830315715068,1.3059759759759761,1.4315016519677533,0,0.3,0,0.8509803921568627,0.0,0.0
,,78.4926452788801,1.3075475475475475,1.4035277855060388,0,0.3,0,0.8509803921568627,0.0,0.0
,,78.58698740060953,1.3091191191191192,1.403527785506034,0,0.3,0,0.8509803921568627,0.0,0.0
,,78.68132952233896,1.3106906906906908,1.4315016519677335,0,0.3,0,0.8509803921568627,0.0,0.0
,,78.77567164406838,1.3122622622622624,1.4861374424639857,0,0.3,0,0.8509803921568627,0.0,0.0
,,78.8700137657978,1.313833833833834,1.5648728007437382,0,0.3,0,0.8509803921568627,0.0,0.0
,,78.96435588752722,1.3154054054054054,1.664015128317412,0,0.3,0,0.8509803921568627,0.0,0.0
,,79.05869800925664,1.316976976976977,1.7789147631138285,0,0.3,0,0.8509803921568627,0.0,0.0
,,79.15304013098607,1.3185485485485486,1.9041830433274443,0,0.3,0,0.8509803921568627,0.0,0.0
,,79.2473822527155,1.3201201201201203,2.033945029510263,0,0.3,0,0.8509803921568627,0.0,0.0
,,79.34172437444491,1.3216916916916919,2.1621150325302376,0,0.3,0,0.8509803921568627,0.0,0.0
,,79.43606649617433,1.3232632632632633,2.2826820254497786,0,0.3,0,0.8509803921568627,0.0,0.0
,,79.53040861790376,1.3248348348348349,2.389991553832171,0,0.3,0,0.8509803921568627,0.0,0.0
,,79.62475073963319,1.3264064064064065,2.479010923204628,0,0.3,0,0.8509803921568627,0.0,0.0
,,79.71909286136261,1.3279779779779781,2.545565226688321,0,0.3,0,0.8509803921568627,0.0,0.0
,,79.81343498309204,1.3295495495495497,2.5865331433686087,0,0.3,0,0.8509803921568627,0.0,0.0
,,79.90777710482145,1.3311211211211211,2.5999933246854288,0,0.3,0,0.8509803921568627,0.0,0.0
,,80.00211922655087,1.3326926926926927,2.5853145034891116,0,0.3,0,0.8509803921568627,0.0,0.0
,,80.0964613482803,1.3342642642642644,2.543185099749569,0,0.3,0,0.8509803921568627,0.0,0.0
,,80.19080347000973,1.335835835835836,2.475580934445028,0,0.3,0,0.8509803921568627,0.0,0.0
,,80.28514559173915,1.3374074074074074,2.3856725658119347,0,0.3,0,0.8509803921568627,0.0,0.0
,,80.37948771346856,1.338978978978979,2.27767659378041,0,0.3,0,0.8509803921568627,0.0,0.0
,,80.47382983519799,1.3405505505505506,2.1566579062472897,0,0.3,0,0.8509803921568627,0.0,0.0
,,80.56817195692742,1.3421221221221222,2.0282921416114075,0,0.3,0,0.8509803921568627,0.0,0.0
,,80.66251407865684,1.3436936936936938,1.8985995078069178,0,0.3,0,0.8509803921568627,0.0,0.0
,,80.75685620038627,1.3452652652652652,1.7736624414183666,0,0.3,0,0.8509803921568627,0.0,0.0
,,80.85119832211568,1.3468368368368369,1.6593403483432034,0,0.3,0,0.8509803921568627,0.0,0.0
,,80.9455404438451,1.3484084084084085,1.5609948043390185,0,0.3,0,0.8509803921568627,0.0,0.0
,,81.03988256557453,1.34997997997998,1.4832381032364736,0,0.3,0,0.8509803921568627,0.0,0.0
,,81.13422468730396,1.3515515515515517,1.4297169456199414,0,0.3,0,0.8509803921568627,0.0,0.0
,,81.22856680903338,1.353123123123123,1.4029414127298434,0,0.3,0,0.8509803921568627,0.0,0.0
,,81.32290893076281,1.3546946946946947,1.4041672465157775,0,0.3,0,0.8509803921568627,0.0,0.0
,,81.41725105249222,1.3562662662662663,1.4333369567714906,0,0.3,0,0.8509803921568627,0.0,0.0
,,81.51159317422164,1.357837837837838,1.4890825173599924,0,0.3,0,0.8509803921568627,0.0,0.0
,,81.60593529595107,1.3594094094094096,1.5687895250788588,0,0.3,0,0.8509803921568627,0.0,0.0
,,81.7002774176805,1.360980980980981,1.6687198121881335,0,0.3,0,0.8509803921568627,0.0,0.0
,,81.79461953940992,1.3625525525525526,1.784186762213264,0,0.3,0,0.8509803921568627,0.0,0.0
,,81.88896166113933,1.3641241241241242,1.9097751069116025,0,0.3,0,0.8509803921568627,0.0,0.0
,,81.98330378286876,1.3656956956956958,2.039594896175933,0,0.3,0,0.8509803921568627,0.0,0.0
,,82.07764590459819,1.3672672672672674,2.1675577299756736,0,0.3,0,0.8509803921568627,0.0,0.0
,,82.17198802632761,1.3688388388388388,2.2876622973732608,0,0.3,0,0.8509803921568627,0.0,0.0
,,82.26633014805704,1.3704104104104105,2.3942758311614893,0,0.3,0,0.8509803921568627,0.0,0.0
,,82.36067226978646,1.371981981981982,2.4823982782201535,0,0.3,0,0.8509803921568627,0.0,0.0
,,82.45501439151587,1.3735535535535537,2.547896796303774,0,0.3,0,0.8509803921568627,0.0,0.0
,,82.5493565132453,1.3751251251251253,2.5876995796286613,0,0.3,0,0.8509803921568627,0.0,0.0
,,82.64369863497473,1.3766966966966967,2.5999399230600497,0,0.3,0,0.8509803921568627,0.0,0.0
,,82.73804075670415,1.3782682682682683,2.5840437684536086,0,0.3,0,0.8509803921568627,0.0,0.0
,,82.83238287843358,1.37983983983984,2.5407566273275743,0,0.3,0,0.8509803921568627,0.0,0.0
,,82.92672500016299,1.3814114114114115,2.472108617222977,0,0.3,0,0.8509803921568627,0.0,0.0
,,83.02106712189241,1.3829829829829832,2.381319251506662,0,0.3,0,0.8509803921568627,0.0,0.0
,,83.11540924362184,1.3845545545545546,2.2726464478669506,0,0.3,0,0.8509803921568627,0.0,0.0
,,83.20975136535127,1.3861261261261262,2.1511868368311045,0,0.3,0,0.8509803921568627,0.0,0.0
,,83.30409348708069,1.3876976976976978,2.022636735607247,0,0.3,0,0.8509803921568627,0.0,0.0
,,83.39843560881012,1.3892692692692694,1.893024997305234,0,0.3,0,0.8509803921568627,0.0,0.0
,,83.49277773053953,1.390840840840841,1.7684302646028398,0,0.3,0,0.8509803921568627,0.0,0.0
,,83.58711985226896,1.3924124124124124,1.6546958883380876,0,0.3,0,0.8509803921568627,0.0,0.0
,,83.68146197399838,1.393983983983984,1.5571558810206168,0,0.3,0,0.8509803921568627,0.0,0.0
,,83.7758040957278,1.3955555555555557,1.4803847577293534,0,0.3,0,0.8509803921568627,0.0,0.0
,,83.87014621745723,1.3971271271271273,1.4279829965735482,0,0.3,0,0.8509803921568627,0.0,0.0
,,83.96448833918664,1.3986986986986987,1.402408180376541,0,0.3,0,0.8509803921568627,0.0,0.0
,,84.05883046091607,1.4002702702702703,1.4048597388446684,0,0.3,0,0.8509803921568627,0.0,0.0
,,84.1531725826455,1.401841841841842,1.4352226966822883,0,0.3,0,0.8509803921568627,0.0,0.0
,,84.24751470437492,1.4034134134134135,1.4920730658019465,0,0.3,0,0.8509803921568627,0.0,0.0
,,84.34185682610435,1.4049849849849851,1.5727446287413718,0,0.3,0,0.8509803921568627,0.0,0.0
,,84.43619894783377,1.4065565565565565,1.6734539812210345,0,0.3,0,0.8509803921568627,0.0,0.0
,,84.53054106956318,1.4081281281281282,1.7894779694891625,0,0.3,0,0.8509803921568627,0.0,0.0
,,84.62488319129261,1.4096996996996998,1.9153752008450204,0,0.3,0,0.8509803921568627,0.0,0.0
,,84.71922531302204,1.4112712712712714,2.0452412387494094,0,0.3,0,0.8509803921568627,0.0,0.0
,,84.81356743475146,1.412842842842843,2.1729855141632997,0,0.3,0,0.8509803921568627,0.0,0.0
,,84.90790955648089,1.4144144144144144,2.2926169662881626,0,0.3,0,0.8509803921568627,0.0,0.0
,,85.0022516782103,1.415985985985986,2.3985250164833376,0,0.3,0,0.8509803921568627,0.0,0.0
,,85.09659379993973,1.4175575575575576,2.4857426980044304,0,0.3,0,0.8509803921568627,0.0,0.0
,,85.19093592166915,1.4191291291291293,2.5501796010775957,0,0.3,0,0.8509803921568627,0.0,0.0
,,85.28527804339858,1.4207007007007009,2.588813708452129,0,0.3,0,0.8509803921568627,0.0,0.0
,,85.379620165128,1.4222722722722723,2.5998331245622337,0,0.3,0,0.8509803921568627,0.0,0.0
,,85.47396228685743,1.4238438438438439,2.582721051362231,0,0.3,0,0.8509803921568627,0.0,0.0
,,85.56830440858684,1.4254154154154155,2.538280025565408,0,0.3,0,0.8509803921568627,0.0,0.0
,,85.66264653031627,1.4269869869869871,2.468594280587569,0,0.3,0,0.8509803921568627,0.0,0.0
,,85.75698865204569,1.4285585585585587,2.3769319983774113,0,0.3,0,0.8509803921568627,0.0,0.0
,,85.85133077377512,1.4301301301301301,2.267592035411063,0,0.3,0,0.8509803921568627,0.0,0.0
,,85.94567289550454,1.4317017017017017,2.1457023112271743,0,0.3,0,0.8509803921568627,0.0,0.0
,,86.04001501723396,1.4332732732732734,2.0169793148499138,0,0.3,0,0.8509803921568627,0.0,0.0
,,86.13435713896338,1.434844844844845,1.8874600079745265,0,0.3,0,0.8509803921568627,0.0,0.0
,,86.2286992606928,1.4364164164164166,1.7632186983503653,0,0.3,0,0.8509803921568627,0.0,0.0
,,86.32304138242223,1.437987987987988,1.650082161676265,0,0.3,0,0.8509803921568627,0.0,0.0
,,86.41738350415166,1.4395595595595596,1.5533563724669632,0,0.3,0,0.8509803921568627,0.0,0.0
,,86.51172562588108,1.4411311311311312,1.4775776599009358,0,0.3,0,0.8509803921568627,0.0,0.0
,,86.6060677476105,1.4427027027027028,1.426299959156463,0,0.3,0,0.8509803921568627,0.0,0.0
,,86.70040986933992,1.4442742742742745,1.401928135905782,0,0.3,0,0.8509803921568627,0.0,0.0
,,86.79475199106935,1.4458458458458459,1.4056052008583362,0,0.3,0,0.8509803921568627,0.0,0.0
,,86.88909411279877,1.4474174174174175,1.437158703862293,0,0.3,0,0.8509803921568627,0.0,0.0
,,86.9834362345282,1.448988988988989,1.4951088216199566,0,0.3,0,0.8509803921568627,0.0,0.0
,,87.07777835625761,1.4505605605605607,1.5767377597123964,0,0.3,0,0.8509803921568627,0.0,0.0
,,87.17212047798704,1.4521321321321323,1.6782172140575444,0,0.3,0,0.8509803921568627,0.0,0.0
,,87.26646259971646,1.4537037037037037,1.7947879140045666,0,0.3,0,0.8509803921568627,0.0,0.0
,,87.36080472144589,1.4552752752752753,1.9209828266986055,0,0.3,0,0.8509803921568627,0.0,0.0
,,87.45514684317531,1.456846846846847,2.050883554685282,0,0.3,0,0.8509803921568627,0.0,0.0
,,87.54948896490474,1.4584184184184186,2.1783979020002775,0,0.3,0,0.8509803921568627,0.0,0.0
,,87.64383108663415,1.45998998998999,2.2975455912106075,0,0.3,0,0.8509803921568627,0.0,0.0
,,87.73817320836358,1.4615615615615616,2.402738731604517,0,0.3,0,0.8509803921568627,0.0,0.0
,,87.832515330093,1.4631331331331332,2.489043884891736,0,0.3,0,0.8509803921568627,0.0,0.0
,,87.92685745182243,1.4647047047047048,2.5524134378317087,0,0.3,0,0.8509803921568627,0.0,0.0
,,88.02119957355185,1.4662762762762764,2.589875430677418,0,0.3,0,0.8509803921568627,0.0,0.0
,,88.11554169528127,1.4678478478478478,2.5996729386974433,0,0.3,0,0.8509803921568627,0.0,0.0
,,88.20988381701069,1.4694194194194194,2.581346469941698,0,0.3,0,0.8509803921568627,0.0,0.0
,,88.30422593874012,1.470990990990991,2.5357555148897575,0,0.3,0,0.8509803921568627,0.0,0.0
,,88.39856806046954,1.4725625625625627,2.465038237327775,0,0.3,0,0.8509803921568627,0.0,0.0
,,88.49291018219897,1.4741341341341343,2.372511196905966,0,0.3,0,0.8509803921568627,0.0,0.0
,,88.5872523039284,1.4757057057057057,2.2625138062741685,0,0.3,0,0.8509803921568627,0.0,0.0
,,88.6815944256578,1.4772772772772773,2.140204817578583,0,0.3,0,0.8509803921568627,0.0,0.0
,,88.77593654738723,1.478848848848849,2.0113203828707156,0,0.3,0,0.8509803921568627,0.0,0.0
,,88.87027866911666,1.4804204204204205,1.8819050351194146,0,0.3,0,0.8509803921568627,0.0,0.0
,,88.96462079084608,1.4819919919919922,1.758028206509634,0,0.3,0,0.8509803921568627,0.0,0.0
,,89.05896291257551,1.4835635635635636,1.645499578996448,0,0.3,0,0.8509803921568627,0.0,0.0
,,89.15330503430492,1.4851351351351352,1.5495966168483974,0,0.3,0,0.8509803921568627,0.0,0.0
,,89.24764715603435,1.4867067067067068,1.474817059593329,0,0.3,0,0.8509803921568627,0.0,0.0
,,89.34198927776377,1.4882782782782784,1.424667983165221,0,0.3,0,0.8509803921568627,0.0,0.0
,,89.4363313994932,1.48984984984985,1.401501322043302,0,0.3,0,0.8509803921568627,0.0,0.0
,,89.53067352122262,1.4914214214214214,1.4064035662078997,0,0.3,0,0.8509803921568627,0.0,0.0
,,89.62501564295205,1.492992992992993,1.4391448059996985,0,0.3,0,0.8509803921568627,0.0,0.0
,,89.71935776468146,1.4945645645645647,1.4981895146205157,0,0.3,0,0.8509803921568627,0.0,0.0
,,89.81369988641089,1.4961361361361363,1.580768562588553,0,0.3,0,0.8509803921568627,0.0,0.0
,,89.90804200814031,1.497707707707708,1.6830090867523493,0,0.3,0,0.8509803921568627,0.0,0.0
,,90.00238412986974,1.4992792792792793,1.8001161231547405,0,0.3,0,0.8509803921568627,0.0,0.0
,,90.09672625159916,1.500850850850851,1.926597485372896,0,0.3,0,0.8509803921568627,0.0,0.0
,,90.19106837332858,1.5024224224224225,2.0565213417965427,0,0.3,0,0.8509803921568627,0.0,0.0
,,90.285410495058,1.5039939939939941,2.1837944117640355,0,0.3,0,0.8509803921568627,0.0,0.0
,,90.37975261678743,1.5055655655655658,2.3024477334747604,0,0.3,0,0.8509803921568627,0.0,0.0
,,90.47409473851685,1.5071371371371372,2.406916601488781,0,0.3,0,0.8509803921568627,0.0,0.0
,,90.56843686024628,1.5087087087087088,2.492301545064236,0,0.3,0,0.8509803921568627,0.0,0.0
,,90.6627789819757,1.5102802802802804,2.5545981077463793,0,0.3,0,0.8509803921568627,0.0,0.0
,,90.75712110370512,1.511851851851852,2.5908846518073188,0,0.3,0,0.8509803921568627,0.0,0.0
,,90.85146322543454,1.5134234234234236,2.5994593797228105,0,0.3,0,0.8509803921568627,0.0,0.0
,,90.94580534716397,1.514994994994995,2.5799201465348314,0,0.3,0,0.8509803921568627,0.0,0.0
,,91.0401474688934,1.5165665665665666,2.5331833199914264,0,0.3,0,0.8509803921568627,0.0,0.0
,,91.13448959062282,1.5181381381381382,2.46144080394461,0,0.3,0,0.8509803921568627,0.0,0.0
,,91.22883171235223,1.5197097097097099,2.3680572405600246,0,0.3,0,0.8509803921568627,0.0,0.0
,,91.32317383408166,1.5212812812812813,2.2574122124374303,0,0.3,0,0.8509803921568627,0.0,0.0
,,91.41751595581108,1.5228528528528529,2.134694845182584,0,0.3,0,0.8509803921568627,0.0,0.0
,,91.51185807754051,1.5244244244244245,2.005660443335566,0,0.3,0,0.8509803921568627,0.0,0.0
,,91.60620019926994,1.5259959959959961,1.8763605731530146,0,0.3,0,0.8509803921568627,0.0,0.0
,,91.70054232099935,1.5275675675675677,1.7528592510536356,0,0.3,0,0.8509803921568627,0.0,0.0
,,91.79488444272877,1.5291391391391391,1.640948548165474,0,0.3,0,0.8509803921568627,0.0,0.0
,,91.8892265644582,1.5307107107107107,1.5458769487970316,0,0.3,0,0.8509803921568627,0.0,0.0
,,91.98356868618762,1.5322822822822824,1.4721032025101553,0,0.3,0,0.8509803921568627,0.0,0.0
,,92.07791080791705,1.533853853853854,1.423087213851733,0,0.3,0,0.8509803921568627,0.0,0.0
,,92.17225292964648,1.5354254254254256,1.401127776777113,0,0.3,0,0.8509803921568627,0.0,0.0
,,92.26659505137589,1.536996996996997,1.4072547638358874,0,0.3,0,0.8509803921568627,0.0,0.0
,,92.36093717310531,1.5385685685685686,1.4411808263240729,0,0.3,0,0.8509803921568627,0.0,0.0
,,92.45527929483474,1.5401401401401402,1.5013148706105692,0,0.3,0,0.8509803921568627,0.0,0.0
,,92.54962141656416,1.5417117117117118,1.5848366786134511,0,0.3,0,0.8509803921568627,0.0,0.0
,,92.64396353829359,1.5432832832832835,1.6878291728110246,0,0.3,0,0.8509803921568627,0.0,0.0
,,92.738305660023,1.5448548548548549,1.8054621227093435,0,0.3,0,0.8509803921568627,0.0,0.0
,,92.83264778175243,1.5464264264264265,1.9322186771425174,0,0.3,0,0.8509803921568627,0.0,0.0
,,92.92698990348185,1.547997997997998,2.062154098299301,0,0.3,0,0.8509803921568627,0.0,0.0
,,93.02133202521128,1.5495695695695697,2.1891745631452744,0,0.3,0,0.8509803921568627,0.0,0.0
,,93.1156741469407,1.5511411411411413,2.307322956771841,0,0.3,0,0.8509803921568627,0.0,0.0
,,93.21001626867013,1.5527127127127127,2.411058254290255,0,0.3,0,0.8509803921568627,0.0,0.0
,,93.30435839039954,1.5542842842842843,2.495515388578104,0,0.3,0,0.8509803921568627,0.0,0.0
,,93.39870051212897,1.555855855855856,2.55673341637789,0,0.3,0,0.8509803921568627,0.0,0.0
,,93.4930426338584,1.5574274274274276,2.591841282017424,0,0.3,0,0.8509803921568627,0.0,0.0
,,93.58738475558782,1.5589989989989992,2.599192466645875,0,0.3,0,0.8509803921568627,0.0,0.0
,,93.68172687731725,1.5605705705705706,2.5784422080896996,0,0.3,0,0.8509803921568627,0.0,0.0
,,93.77606899904666,1.5621421421421422,2.530563669805284,0,0.3,0,0.8509803921568627,0.0,0.0
,,93.87041112077608,1.5637137137137138,2.457802300622943,0,0.3,0,0.8509803921568627,0.0,0.0
,,93.96475324250551,1.5652852852852854,2.3635705257581505,0,0.3,0,0.8509803921568627,0.0,0.0
,,94.05909536423493,1.566856856856857,2.2522877079615564,0,0.3,0,0.8509803921568627,0.0,0.0
,,94.15343748596436,1.5684284284284284,2.129172884447087,0,0.3,0,0.8509803921568627,0.0,0.0
,,94.24777960769379,1.57,2.00000000000002,0,0.3,0,0.8509803921568627,0.0,0.0
